Rank,Zip_Code,Population,lat_long
1,11368,"112,425","40.749407, -73.852780"
2,11385,"106,717","40.700671, -73.889433"
3,10467,"103,732","40.877420, -73.872597"
4,11211,"102,624","40.713507, -73.952578"
5,11236,"100,331","40.639761, -73.900640"
6,11226,"100,277","40.646430, -73.956866"
7,11208,"98,660","40.669598, -73.871270"
8,11234,"95,666","40.612540, -73.894255"
9,11220,"95,643","40.641307, -74.016251"
10,10456,"94,218","40.830877, -73.907954"
11,11373,"93,967","40.737347, -73.878716"
12,11214,"92,946","40.598668, -73.996212"
13,10025,"92,805","40.797958, -73.964917"
14,11207,"91,972","40.670361, -73.893848"
15,10314,"90,761","40.598825, -74.163336"
16,11219,"90,036","40.632769, -73.996642"
17,11230,"89,075","40.622104, -73.965118"
18,11206,"88,349","40.702037, -73.942444"
19,11377,"86,421","40.744813, -73.905122"
20,10458,"83,960","40.862831, -73.886395"
21,11221,"83,835","40.691310, -73.927772"
22,11229,"83,615","40.601293, -73.944493"
23,11223,"81,789","40.597427, -73.973039"
24,11355,"80,853","40.750123, -73.820977"
25,10453,"79,606","40.852779, -73.912332"
26,10029,"79,597","40.792245, -73.945230"
27,10468,"78,647","40.868093, -73.899730"
28,11235,"78,128","40.583552, -73.947900"
29,11204,"76,978","40.618675, -73.984893"
30,11233,"76,819","40.678089, -73.919867"
31,10462,"76,756","40.842823, -73.858861"
32,11212,"76,527","40.662907, -73.912969"
33,10452,"76,078","40.837763, -73.923314"
34,11203,"75,451","40.649411, -73.934397"
35,10002,"74,993","40.715952, -73.985870"
36,10457,"74,554","40.846687, -73.898374"
37,11218,"74,508","40.643783, -73.975954"
38,10469,"73,870","40.867849, -73.845140"
39,11375,"73,488","40.722975, -73.843179"
40,10466,"72,479","40.891039, -73.847226"
41,10463,"71,360","40.880678, -73.906540"
42,11215,"70,156","40.662688, -73.986740"
43,10472,"68,796","40.829650, -73.869368"
44,11706,"68,773","40.720471, -73.259399"
45,11746,"68,491","40.814268, -73.362276"
46,11209,"67,809","40.622352, -74.030431"
47,11691,"67,094","40.600774, -73.757824"
48,11210,"67,040","40.628049, -73.946278"
49,11213,"66,295","40.671034, -73.936357"
50,11434,"65,791","40.676808, -73.776425"
51,10977,"64,882","41.118920, -74.048158"
52,10027,"64,548","40.811407, -73.953564"
53,14850,"64,484","42.431831, -76.500228"
54,10032,"64,264","40.839194, -73.942591"
55,11717,"63,054","40.783955, -73.252256"
56,11201,"62,823","40.693682, -73.989693"
57,10023,"62,435","40.775394, -73.982197"
58,11432,"62,053","40.715220, -73.793188"
59,11372,"61,844","40.751706, -73.883561"
60,10312,"61,741","40.547291, -74.179264"
61,10031,"60,254","40.825857, -73.949451"
62,10473,"59,609","40.817685, -73.858576"
63,10033,"59,607","40.849124, -73.935956"
64,10460,"59,505","40.842724, -73.879745"
65,10701,"59,312","40.945250, -73.881145"
66,11435,"59,296","40.701408, -73.809817"
67,10128,"59,256","40.781656, -73.950281"
68,10024,"59,001","40.786307, -73.970694"
69,11225,"58,882","40.662236, -73.958951"
70,10009,"57,925","40.726622, -73.978955"
71,11550,"57,652","40.702731, -73.623226"
72,11216,"56,308","40.680854, -73.949144"
73,11354,"55,200","40.768208, -73.827403"
74,12550,"54,988","41.539574, -74.057223"
75,10003,"54,682","40.731856, -73.989145"
76,11238,"54,540","40.678424, -73.963874"
77,14221,"54,081","42.984522, -78.722871"
78,12180,"53,437","42.748588, -73.599536"
79,11758,"53,424","40.662298, -73.458413"
80,10306,"53,142","40.569755, -74.122141"
81,14580,"52,587","43.217283, -77.444534"
82,10016,"51,057","40.744983, -73.978262"
83,10950,"50,895","41.317294, -74.197530"
84,10011,"50,472","40.741844, -74.000711"
85,10461,"50,348","40.847409, -73.841403"
86,11419,"49,618","40.688685, -73.822882"
87,11237,"49,310","40.704160, -73.921139"
88,14094,"49,170","43.157693, -78.702073"
89,10940,"49,068","41.446544, -74.478741"
90,11420,"48,489","40.673525, -73.817771"
91,10459,"48,351","40.825558, -73.893156"
92,10451,"47,798","40.822092, -73.922612"
93,10028,"47,793","40.776865, -73.954721"
94,11224,"46,707","40.577257, -73.989762"
95,11590,"46,560","40.756284, -73.570247"
96,10021,"46,215","40.769742, -73.961653"
97,11205,"46,064","40.696771, -73.967061"
98,11772,"45,964","40.771471, -72.995182"
99,11003,"45,263","40.699176, -73.706166"
100,11228,"44,994","40.616863, -74.013196"
101,11365,"44,983","40.738856, -73.792528"
102,10040,"44,571","40.858134, -73.929031"
103,14120,"44,437","43.079317, -78.842654"
104,10465,"44,205","40.826285, -73.822762"
105,11757,"44,115","40.689587, -73.373856"
106,11580,"43,714","40.674900, -73.702154"
107,10019,"43,703","40.766331, -73.985013"
108,11520,"43,408","40.650851, -73.584575"
109,13760,"43,350","42.133387, -76.084713"
110,10475,"43,208","40.875266, -73.826037"
111,11756,"43,099","40.724567, -73.516333"
112,10034,"42,910","40.869208, -73.921929"
113,12065,"42,868","42.854836, -73.787492"
114,11374,"42,653","40.726219, -73.861264"
115,12603,"42,589","41.675868, -73.864484"
116,14075,"42,471","42.713252, -78.833315"
117,11413,"42,443","40.669293, -73.750553"
118,10305,"42,298","40.596691, -74.074866"
119,10455,"42,283","40.814678, -73.908333"
120,14609,"42,042","43.177093, -77.554873"
121,11743,"41,938","40.878517, -73.426767"
122,11040,"41,877","40.744765, -73.680072"
123,10952,"41,834","41.116210, -74.078881"
124,11367,"41,824","40.730621, -73.822860"
125,10801,"41,759","40.917570, -73.784858"
126,12601,"41,539","41.708174, -73.910203"
127,11217,"41,407","40.682306, -73.978099"
128,13440,"41,243","43.217344, -75.459735"
129,10304,"41,064","40.603589, -74.102477"
130,14450,"41,035","43.088447, -77.415761"
131,11421,"41,002","40.693633, -73.858513"
132,14150,"40,825","42.997524, -78.878511"
133,10705,"40,733","40.919705, -73.889928"
134,14224,"40,590","42.837826, -78.747935"
135,11801,"40,340","40.762304, -73.524452"
136,11704,"40,285","40.717504, -73.358203"
137,10583,"40,013","40.988682, -73.789204"
138,14215,"39,962","42.934353, -78.809741"
139,11357,"39,902","40.786415, -73.810924"
140,14701,"39,731","42.081025, -79.253512"
141,10026,"39,363","40.802320, -73.952943"
142,12866,"39,178","43.092690, -73.735445"
143,10573,"38,861","41.018087, -73.679179"
144,10301,"38,733","40.627456, -74.094407"
145,11418,"38,517","40.700101, -73.835908"
146,11106,"38,363","40.762211, -73.931528"
147,10454,"38,203","40.805528, -73.916632"
148,13021,"38,114","42.922181, -76.561464"
149,11779,"38,063","40.812431, -73.116108"
150,11379,"37,851","40.715488, -73.879490"
151,11231,"37,845","40.677916, -74.005154"
152,10550,"37,817","40.905448, -73.835253"
153,11561,"37,662","40.589061, -73.651049"
154,13501,"37,646","43.081159, -75.225020"
155,13601,"37,624","43.976818, -75.914247"
156,11412,"37,458","40.696878, -73.760260"
157,11105,"37,382","40.778997, -73.906847"
158,11554,"37,358","40.720115, -73.558861"
159,11378,"37,279","40.724744, -73.909639"
160,11358,"37,190","40.760467, -73.796418"
161,11364,"36,806","40.745620, -73.757537"
162,11222,"36,492","40.728367, -73.945427"
163,11433,"36,489","40.698135, -73.787009"
164,13126,"36,335","43.438798, -76.457454"
165,11103,"36,140","40.762634, -73.913156"
166,14624,"35,885","43.128271, -77.731354"
167,10035,"35,743","40.795487, -73.929501"
168,12401,"35,339","41.938565, -74.056809"
169,12590,"34,711","41.592556, -73.886853"
170,14612,"34,259","43.266330, -77.676706"
171,11710,"34,237","40.675775, -73.535668"
172,11369,"34,118","40.763513, -73.871961"
173,11787,"34,099","40.852924, -73.211260"
174,10010,"33,730","40.739122, -73.982363"
175,10309,"33,531","40.530847, -74.221178"
176,11510,"33,484","40.653614, -73.609056"
177,12020,"33,456","43.001948, -73.868841"
178,11735,"33,454","40.734243, -73.428600"
179,11566,"33,401","40.651637, -73.551927"
180,14225,"33,328","42.928824, -78.752459"
181,14621,"33,264","43.186402, -77.601255"
182,13027,"32,949","43.173534, -76.365491"
183,12901,"32,846","44.704021, -73.471148"
184,14086,"32,671","42.905511, -78.629121"
185,13502,"32,542","43.141264, -75.154707"
186,11722,"32,524","40.785083, -73.192931"
187,11370,"32,514","40.765370, -73.893132"
188,10704,"32,223","40.919729, -73.862651"
189,11422,"32,082","40.632030, -73.766051"
190,11417,"31,927","40.676342, -73.844595"
191,10562,"31,772","41.192300, -73.833984"
192,10956,"31,619","41.156331, -73.994110"
193,11423,"31,400","40.717252, -73.768879"
194,14534,"31,303","43.056890, -77.521042"
195,12203,"31,251","42.678763, -73.845869"
196,11793,"31,238","40.650294, -73.514561"
197,10022,"31,125","40.758615, -73.967752"
198,11102,"30,800","40.772884, -73.926295"
199,10014,"30,738","40.733471, -74.007098"
200,12309,"30,397","42.790136, -73.862338"
201,11731,"30,357","40.862927, -73.316829"
202,14127,"30,297","42.753763, -78.745385"
203,10308,"30,186","40.551236, -74.150961"
204,11050,"30,132","40.839895, -73.693128"
205,11101,"30,043","40.746970, -73.937530"
206,14626,"29,901","43.216516, -77.710843"
207,10030,"29,882","40.818492, -73.943283"
208,11572,"29,846","40.630521, -73.637745"
209,11727,"29,823","40.880224, -73.002112"
210,13090,"29,758","43.152537, -76.217092"
211,14226,"29,700","42.971014, -78.796455"
212,11725,"29,578","40.840996, -73.280948"
213,10598,"29,492","41.286807, -73.798823"
214,14304,"29,375","43.100698, -78.948314"
215,13045,"29,223","42.587244, -76.188554"
216,11414,"29,219","40.658217, -73.844820"
217,11763,"29,018","40.823551, -72.980284"
218,10013,"28,709","40.720067, -74.004829"
219,11720,"28,556","40.869907, -73.081937"
220,11530,"28,454","40.728551, -73.631351"
221,13210,"28,234","43.031420, -76.125816"
222,12303,"28,233","42.753534, -73.926481"
223,12010,"28,221","42.935694, -74.172293"
224,14606,"28,198","43.170996, -77.697914"
225,11701,"28,149","40.686412, -73.412398"
227,11803,"28,018","40.781700, -73.473035"
228,11001,"27,867","40.721416, -73.707982"
229,11542,"27,773","40.869660, -73.628113"
230,10039,"27,726","40.826296, -73.937053"
231,11570,"27,722","40.665341, -73.638921"
232,14424,"27,717","42.856695, -77.303277"
233,11967,"27,649","40.805671, -72.879071"
234,14616,"27,616","43.234256, -77.653267"
235,11232,"27,602","40.655827, -74.006829"
236,11901,"27,486","40.924693, -72.648656"
237,10036,"27,428","40.759614, -73.991148"
238,11729,"27,419","40.762698, -73.321445"
239,12302,"27,407","42.878182, -73.982505"
240,11429,"27,403","40.709681, -73.738399"
241,11361,"27,246","40.764370, -73.771869"
242,12205,"27,212","42.714984, -73.824289"
243,11741,"27,149","40.794354, -73.069968"
244,11416,"27,125","40.684614, -73.849509"
245,10541,"26,656","41.377000, -73.753830"
246,12306,"26,599","42.805431, -74.044234"
247,12553,"26,465","41.460880, -74.072198"
248,10710,"26,410","40.967157, -73.846339"
249,12804,"26,272","43.340954, -73.685911"
250,13905,"26,194","42.173847, -75.936413"
251,11791,"26,121","40.829724, -73.498525"
252,11104,"26,119","40.744515, -73.920457"
253,10303,"25,947","40.629885, -74.174130"
254,14623,"25,917","43.087333, -77.641867"
255,11553,"25,869","40.702638, -73.591283"
256,12533,"25,406","41.561643, -73.787605"
257,11552,"25,178","40.692979, -73.652416"
258,11010,"25,068","40.700778, -73.675686"
259,11784,"24,992","40.869063, -73.040402"
260,11795,"24,982","40.708202, -73.303076"
261,10512,"24,716","41.447747, -73.709884"
262,11776,"24,666","40.913812, -73.046148"
263,14620,"24,542","43.127295, -77.610027"
264,13069,"24,511","43.329278, -76.380658"
265,14043,"24,420","42.900438, -78.701764"
266,14213,"24,167","42.918183, -78.892479"
267,11427,"24,037","40.729722, -73.749800"
268,14220,"23,980","42.844910, -78.822083"
269,10566,"23,951","41.287672, -73.917786"
270,14207,"23,808","42.952131, -78.898018"
271,10901,"23,538","41.161496, -74.139021"
272,10012,"23,411","40.725639, -73.998090"
273,12078,"23,381","43.134351, -74.339632"
274,11356,"23,362","40.784810, -73.841165"
275,10954,"23,354","41.099029, -74.012296"
276,10310,"23,262","40.632516, -74.116461"
277,10591,"23,077","41.090097, -73.841014"
278,14217,"22,974","42.971854, -78.875512"
279,10001,"22,924","40.750722, -73.997276"
280,12304,"22,833","42.771569, -73.895695"
281,10038,"22,800","40.709336, -74.002943"
282,13208,"22,738","43.078289, -76.145325"
283,11714,"22,714","40.743967, -73.479983"
284,14020,"22,642","43.001476, -78.214875"
285,11762,"22,606","40.682635, -73.445756"
286,14618,"22,602","43.112890, -77.557574"
287,14617,"22,589","43.224205, -77.594485"
288,14223,"22,499","42.973496, -78.846382"
289,14216,"22,280","42.949615, -78.861119"
290,13850,"22,186","42.049395, -76.017594"
291,14228,"22,103","43.044371, -78.777335"
292,12110,"22,041","42.750910, -73.775205"
293,13820,"21,997","42.483429, -75.036905"
294,13088,"21,986","43.108742, -76.186383"
295,11563,"21,965","40.657306, -73.674147"
296,10708,"21,935","40.937467, -73.833144"
297,14211,"21,900","42.907697, -78.821679"
298,10471,"21,896","40.898117, -73.900227"
298,12208,"21,896","42.652519, -73.807897"
299,10703,"21,854","40.957236, -73.881126"
300,14227,"21,846","42.886935, -78.730383"
302,11694,"21,354","40.576906, -73.846381"
303,13212,"21,349","43.127007, -76.129705"
304,11581,"21,275","40.652229, -73.714706"
305,11783,"21,265","40.673140, -73.491849"
306,11768,"21,158","40.910132, -73.324377"
307,10037,"21,139","40.813159, -73.937352"
308,11692,"20,991","40.593163, -73.793803"
309,12047,"20,935","42.782255, -73.727721"
310,14420,"20,925","43.213653, -77.937505"
311,14072,"20,897","43.017901, -78.962657"
312,11426,"20,801","40.736619, -73.723610"
313,11411,"20,759","40.694307, -73.735948"
314,10543,"20,715","40.953743, -73.736180"
315,10567,"20,563","41.289545, -73.897030"
316,11726,"20,558","40.678789, -73.395729"
317,14845,"20,451","42.203190, -76.839324"
318,14526,"20,340","43.151464, -77.444396"
319,12144,"20,272","42.627836, -73.717842"
320,14051,"20,198","43.039886, -78.704186"
321,11436,"20,077","40.675266, -73.796570"
322,14206,"19,869","42.880078, -78.810472"
323,14214,"19,775","42.939793, -78.841077"
324,14830,"19,772","42.129568, -77.029569"
325,12508,"19,747","41.495996, -73.953632"
326,11360,"19,621","40.782352, -73.780749"
327,10552,"19,569","40.924460, -73.826115"
328,10509,"19,461","41.422360, -73.580154"
329,11501,"19,393","40.746062, -73.639285"
330,11415,"19,372","40.708229, -73.827867"
331,10805,"19,215","40.897721, -73.779258"
332,14456,"19,201","42.846127, -77.006235"
333,13901,"19,195","42.185729, -75.879685"
334,14218,"18,951","42.817887, -78.824667"
335,14559,"18,937","43.189993, -77.819055"
336,11428,"18,929","40.721050, -73.742212"
337,11747,"18,922","40.788528, -73.407298"
338,12561,"18,731","41.750978, -74.110614"
339,13204,"18,728","43.051756, -76.178000"
340,11362,"18,721","40.758401, -73.733420"
341,10605,"18,643","41.007018, -73.744338"
342,11030,"18,578","40.793409, -73.688549"
343,13903,"18,496","42.041886, -75.889073"
344,10302,"18,204","40.630820, -74.137841"
345,11021,"18,185","40.786114, -73.728183"
346,14760,"18,163","42.063776, -78.404837"
347,12477,"18,162","42.091943, -73.990006"
348,11754,"18,086","40.886865, -73.245725"
349,12534,"17,967","42.224111, -73.756154"
350,13790,"17,875","42.165361, -76.001942"
351,10603,"17,843","41.057813, -73.777196"
352,14468,"17,789","43.290542, -77.808702"
353,11790,"17,694","40.903592, -73.131054"
354,12189,"17,563","42.733036, -73.718976"
355,13205,"17,479","43.004501, -76.141720"
356,10580,"17,391","40.978942, -73.693320"
357,11738,"17,352","40.837386, -73.037968"
358,12831,"17,228","43.190815, -73.691874"
359,12589,"17,017","41.626536, -74.145217"
360,13676,"17,016","44.654960, -74.926222"
361,13039,"16,837","43.161395, -76.075729"
362,14607,"16,750","43.150826, -77.586219"
363,14305,"16,683","43.122642, -79.023024"
364,12054,"16,649","42.608547, -73.864416"
365,14611,"16,630","43.147187, -77.646472"
366,14052,"16,614","42.772537, -78.584397"
367,14615,"16,613","43.204250, -77.657326"
368,10606,"16,600","41.020949, -73.775986"
369,11575,"16,546","40.679763, -73.584023"
370,11733,"16,545","40.934181, -73.105889"
370,10538,"16,545","40.937865, -73.755930"
371,13203,"16,528","43.061009, -76.134973"
372,10549,"16,465","41.203948, -73.718025"
373,13413,"16,382","43.061560, -75.276199"
374,13206,"16,360","43.074194, -76.105762"
375,11788,"16,228","40.817677, -73.210123"
376,13662,"16,069","44.933501, -74.878245"
377,11937,"15,984","41.008427, -72.194482"
378,14901,"15,965","42.087649, -76.746938"
379,12524,"15,964","41.532263, -73.889150"
380,11703,"15,952","40.732670, -73.325925"
381,12206,"15,944","42.673376, -73.781497"
382,11950,"15,884","40.809045, -72.847221"
383,10017,"15,801","40.752292, -73.972393"
384,11767,"15,783","40.847754, -73.145703"
385,13669,"15,782","44.654951, -75.485053"
386,11780,"15,753","40.890431, -73.171453"
387,10960,"15,684","41.092282, -73.925728"
388,12953,"15,569","44.764710, -74.279566"
389,10965,"15,517","41.061482, -74.015910"
390,13104,"15,515","42.963030, -75.948439"
391,14904,"15,480","42.069428, -76.805553"
392,13031,"15,451","43.041401, -76.307912"
393,10470,"15,432","40.900965, -73.863998"
394,12308,"15,422","42.820980, -73.919670"
395,11004,"15,234","40.745809, -73.711240"
396,10307,"15,232","40.506815, -74.241709"
397,12118,"15,218","42.923768, -73.718177"
398,11946,"15,145","40.881714, -72.536582"
399,14564,"15,127","42.981266, -77.431077"
400,11798,"15,033","40.751870, -73.371077"
401,12182,"14,928","42.801006, -73.637646"
402,11782,"14,915","40.753968, -73.099453"
403,13215,"14,892","42.980793, -76.223386"
404,11949,"14,863","40.860476, -72.793791"
405,13219,"14,781","43.041266, -76.224195"
406,12771,"14,757","41.375285, -74.631515"
407,10804,"14,753","40.946841, -73.788051"
408,14210,"14,723","42.864041, -78.832957"
409,14063,"14,676","42.408411, -79.331104"
410,11366,"14,650","40.727929, -73.793074"
411,14619,"14,602","43.136082, -77.648985"
412,11751,"14,559","40.733051, -73.212519"
413,12019,"14,429","42.945577, -73.834562"
414,12801,"14,381","43.312294, -73.645255"
415,14048,"14,177","42.479105, -79.312833"
416,14411,"14,176","43.235972, -78.216477"
417,14610,"14,050","43.143492, -77.545899"
418,14222,"14,037","42.919236, -78.877343"
419,12538,"13,996","41.792345, -73.893141"
420,14513,"13,970","43.063469, -77.100046"
421,10980,"13,943","41.258097, -74.030157"
422,11730,"13,860","40.720680, -73.172384"
423,11702,"13,788","40.618005, -73.407877"
424,13057,"13,772","43.087662, -76.035448"
425,11598,"13,715","40.631555, -73.711280"
426,14613,"13,578","43.182283, -77.639548"
427,11953,"13,401","40.893285, -72.951799"
428,10924,"13,389","41.381005, -74.352471"
429,11961,"13,330","40.893355, -72.877865"
430,13421,"13,291","43.061915, -75.660092"
431,12839,"13,265","43.354486, -73.553953"
432,11239,"13,244","40.644728, -73.879186"
433,10941,"13,176","41.491652, -74.344240"
434,10520,"13,152","41.217976, -73.874882"
435,13207,"13,135","43.012868, -76.163401"
436,10528,"13,128","40.974752, -73.725777"
437,13815,"12,985","42.547416, -75.533555"
438,14527,"12,951","42.666969, -77.068146"
439,13209,"12,940","43.087539, -76.255166"
440,11693,"12,919","40.611082, -73.822757"
441,14843,"12,911","42.320079, -77.646339"
442,10570,"12,893","41.127957, -73.790628"
443,12528,"12,871","41.713907, -73.995071"
444,11577,"12,808","40.784638, -73.640578"
445,10530,"12,791","41.023712, -73.812810"
446,11764,"12,723","40.934197, -72.975160"
447,11753,"12,596","40.788668, -73.541676"
448,14301,"12,594","43.097462, -79.031824"
449,11742,"12,566","40.809944, -73.040545"
450,13066,"12,550","43.032475, -76.000667"
451,10803,"12,544","40.899532, -73.805883"
452,11755,"12,510","40.858961, -73.120478"
453,14004,"12,496","42.898738, -78.517223"
454,14605,"12,470","43.168307, -77.601608"
455,11766,"12,414","40.935097, -73.015864"
456,11951,"12,391","40.767062, -72.838578"
457,11545,"12,390","40.824966, -73.581551"
458,10514,"12,389","41.172330, -73.768948"
459,10918,"12,287","41.344192, -74.262177"
460,12095,"12,228","43.034887, -74.423556"
461,14810,"12,135","42.348980, -77.344542"
462,12586,"12,129","41.565744, -74.179081"
463,10474,"12,127","40.810203, -73.884437"
464,11576,"12,099","40.803242, -73.637480"
465,14219,"12,092","42.789589, -78.825966"
466,10927,"12,081","41.191052, -73.967562"
467,13032,"12,057","43.081629, -75.766050"
468,14608,"12,019","43.154821, -77.623507"
469,14622,"11,976","43.215549, -77.556449"
470,14586,"11,897","43.041661, -77.689956"
471,14425,"11,848","42.990428, -77.332531"
472,14519,"11,771","43.233972, -77.314631"
473,10044,"11,682","40.762050, -73.949933"
474,14201,"11,680","42.896227, -78.886477"
475,11778,"11,641","40.939095, -72.928456"
476,12701,"11,626","41.652125, -74.698825"
477,10601,"11,612","41.029566, -73.759207"
478,13041,"11,453","43.192089, -76.192302"
479,14437,"11,439","42.569208, -77.733176"
480,13827,"11,315","42.109832, -76.249951"
481,13492,"11,268","43.114604, -75.337680"
482,12549,"11,235","41.520026, -74.257424"
483,14454,"11,188","42.797774, -77.774638"
484,13323,"11,097","43.040114, -75.379336"
485,14092,"11,083","43.174537, -78.992002"
486,10604,"11,045","41.052798, -73.736957"
487,13617,"11,034","44.580531, -75.142767"
488,10522,"11,027","41.010310, -73.863746"
489,12566,"11,003","41.622479, -74.340383"
490,12188,"10,952","42.819962, -73.694056"
491,13357,"10,855","42.970962, -75.081183"
492,10536,"10,853","41.296920, -73.729864"
493,14208,"10,805","42.914225, -78.851150"
494,12211,"10,752","42.705608, -73.766085"
495,14212,"10,695","42.894746, -78.820451"
496,11968,"10,667","40.905917, -72.415656"
497,13619,"10,640","43.978952, -75.600977"
498,13078,"10,607","42.958484, -76.061077"
499,13148,"10,605","42.920125, -76.779988"
500,11596,"10,561","40.760589, -73.640783"
501,13165,"10,559","42.916639, -76.883297"
502,14502,"10,545","43.109233, -77.344072"
503,14103,"10,541","43.211161, -78.376770"
504,10553,"10,429","40.908502, -73.821554"
505,10510,"10,381","41.138997, -73.834891"
506,10707,"10,316","40.959962, -73.822722"
507,14031,"10,301","42.983128, -78.614262"
508,12569,"10,268","41.734557, -73.792840"
509,12414,"10,203","42.235013, -73.924019"
510,14059,"10,144","42.835012, -78.642549"
511,14625,"10,122","43.150039, -77.505521"
512,11518,"10,101","40.638346, -73.666295"
513,14467,"10,056","43.043504, -77.618013"
514,10970,"10,055","41.197670, -74.074130"
515,12571,"9,999","42.007516, -73.823254"
516,11716,"9,957","40.776697, -73.134857"
517,14006,"9,949","42.633073, -79.021726"
518,13904,"9,948","42.128281, -75.801040"
519,13642,"9,871","44.332561, -75.465315"
520,13350,"9,827","43.061013, -74.986356"
521,11713,"9,710","40.773594, -72.945434"
522,12210,"9,706","42.657569, -73.757660"
523,10018,"9,687","40.754969, -73.992126"
524,10709,"9,663","40.952626, -73.809927"
525,12202,"9,624","42.634583, -73.763986"
526,13603,"9,589","44.035347, -75.804288"
527,14870,"9,565","42.182406, -77.124783"
528,11752,"9,564","40.755849, -73.173780"
529,14001,"9,549","43.036593, -78.510856"
530,11771,"9,500","40.865967, -73.525877"
531,14011,"9,470","42.830674, -78.299709"
532,13037,"9,442","43.058819, -75.867355"
533,10280,"9,384","40.708501, -74.016828"
534,12209,"9,383","42.638363, -73.787960"
535,14895,"9,354","42.081440, -77.940922"
536,12061,"9,325","42.594948, -73.659578"
537,10989,"9,300","41.122955, -73.938031"
538,14522,"9,231","43.061864, -77.224684"
539,11023,"9,215","40.799784, -73.733445"
540,10523,"9,077","41.061817, -73.819281"
541,11740,"9,070","40.865796, -73.363314"
542,10920,"9,008","41.153040, -73.938131"
543,10930,"8,990","41.361676, -74.113297"
544,14032,"8,955","43.046776, -78.631524"
545,11777,"8,951","40.949875, -73.061723"
545,10992,"8,951","41.421990, -74.163800"
546,13035,"8,851","42.931819, -75.824233"
547,10005,"8,831","40.705390, -74.008988"
548,13036,"8,798","43.309256, -76.166775"
549,10589,"8,751","41.328630, -73.697168"
550,11797,"8,737","40.820348, -73.472077"
551,10706,"8,734","40.990222, -73.865543"
552,11769,"8,706","40.736277, -73.129837"
553,11565,"8,696","40.675062, -73.671934"
554,11792,"8,688","40.946438, -72.835507"
555,13214,"8,685","43.040542, -76.076911"
556,14204,"8,649","42.883587, -78.861199"
557,13367,"8,617","43.715161, -75.571028"
558,12572,"8,596","41.924885, -73.863664"
559,14905,"8,593","42.087725, -76.843282"
560,12563,"8,555","41.503887, -73.572979"
561,12828,"8,546","43.254993, -73.558355"
562,12803,"8,525","43.285467, -73.636150"
563,10579,"8,483","41.397661, -73.839130"
564,13365,"8,469","43.070063, -74.850276"
565,14472,"8,421","42.973554, -77.576983"
566,11789,"8,380","40.957123, -72.971270"
567,10595,"8,341","41.087709, -73.785778"
568,11096,"8,311","40.621346, -73.756990"
569,13224,"8,296","43.031797, -76.100655"
570,14057,"8,284","42.640511, -78.879414"
571,10504,"8,254","41.134968, -73.698635"
572,10923,"8,244","41.203213, -74.002535"
573,11558,"8,217","40.611322, -73.662331"
574,13152,"8,208","42.905238, -76.381554"
575,14482,"8,189","42.973460, -77.960890"
576,11559,"8,181","40.605480, -73.716208"
577,12043,"8,171","42.693970, -74.530506"
578,11024,"8,101","40.816373, -73.743736"
579,14892,"8,084","42.046025, -76.529114"
580,13340,"8,075","43.061642, -75.128570"
581,12540,"8,071","41.669552, -73.714516"
582,12009,"8,036","42.700772, -74.031194"
583,11934,"8,006","40.798359, -72.794297"
584,12033,"7,924","42.543138, -73.705499"
585,14445,"7,875","43.113720, -77.489532"
586,12159,"7,845","42.651428, -73.885894"
587,13732,"7,796","42.049447, -76.167535"
588,12198,"7,772","42.672453, -73.632704"
589,10547,"7,737","41.308707, -73.855615"
590,11516,"7,670","40.627479, -73.727879"
591,12204,"7,628","42.691525, -73.733797"
592,14903,"7,584","42.131632, -76.871851"
593,11705,"7,565","40.743277, -73.055841"
594,14464,"7,555","43.326618, -77.929685"
595,10533,"7,551","41.039478, -73.850709"
596,14470,"7,548","43.205212, -78.057685"
597,14141,"7,497","42.518547, -78.700622"
598,11557,"7,480","40.635065, -73.691343"
599,14428,"7,439","43.077283, -77.872558"
600,11963,"7,430","40.989760, -72.315663"
601,14589,"7,426","43.249424, -77.174261"
602,14209,"7,410","42.916573, -78.865781"
603,12983,"7,371","44.218046, -74.206563"
604,10994,"7,326","41.098072, -73.972649"
605,12018,"7,324","42.628833, -73.520770"
606,12570,"7,322","41.613737, -73.670422"
607,14085,"7,306","42.716594, -78.930821"
608,11933,"7,302","40.917015, -72.754074"
609,11507,"7,286","40.770879, -73.652364"
610,13403,"7,258","43.164533, -75.267645"
611,13029,"7,243","43.221243, -76.144434"
612,10607,"7,194","41.039089, -73.811368"
613,13077,"7,135","42.711074, -76.206959"
614,14886,"7,130","42.505751, -76.684980"
615,14414,"7,101","42.890961, -77.743757"
616,10507,"7,068","41.232590, -73.692641"
617,10590,"7,060","41.255441, -73.539322"
618,10007,"7,023","40.713973, -74.008336"
619,12428,"7,022","41.734369, -74.457205"
620,12564,"6,995","41.577105, -73.589238"
621,11363,"6,952","40.772591, -73.746472"
622,14489,"6,923","43.088381, -76.994347"
623,12184,"6,871","42.420039, -73.653177"
624,12158,"6,852","42.542092, -73.822124"
625,14070,"6,847","42.419658, -78.917725"
626,12077,"6,823","42.588163, -73.777695"
627,14514,"6,821","43.122159, -77.810679"
628,14779,"6,785","42.137151, -78.741310"
629,11709,"6,708","40.908648, -73.560926"
630,13135,"6,689","43.248350, -76.332359"
631,10996,"6,673","41.393700, -73.972175"
632,14068,"6,632","43.026309, -78.758472"
633,12754,"6,608","41.802957, -74.745419"
634,13202,"6,581","43.043592, -76.150628"
635,12832,"6,569","43.358861, -73.318017"
636,13073,"6,475","42.583670, -76.387923"
637,12051,"6,421","42.344518, -73.828765"
638,13339,"6,396","42.936896, -74.658660"
639,12721,"6,394","41.568348, -74.427346"
640,10577,"6,373","41.041731, -73.709727"
641,11560,"6,365","40.880757, -73.588724"
642,13142,"6,338","43.556406, -76.129199"
643,14047,"6,298","42.687361, -78.986623"
644,14432,"6,297","42.956106, -77.140338"
645,12834,"6,286","43.088945, -73.500552"
646,12582,"6,272","41.550169, -73.726637"
647,11971,"6,235","41.059912, -72.427282"
648,14706,"6,189","42.106183, -78.528294"
649,13316,"6,179","43.418917, -75.739740"
652,13211,"6,145","43.104491, -76.116553"
653,12090,"6,139","42.876802, -73.351525"
654,13865,"6,135","42.064423, -75.637752"
655,12822,"6,123","43.228513, -73.922216"
656,13114,"6,120","43.463656, -76.241569"
657,12307,"6,115","42.806322, -73.934477"
658,11786,"6,111","40.944455, -72.886049"
659,11721,"6,086","40.892021, -73.370810"
660,14108,"6,082","43.264549, -78.733324"
661,12986,"6,071","44.210474, -74.506616"
661,14469,"6,071","42.873417, -77.462990"
662,14568,"6,065","43.159881, -77.281348"
663,13108,"6,050","42.964845, -76.331113"
664,12186,"6,047","42.640203, -73.982848"
665,13346,"6,045","42.817210, -75.538579"
666,13118,"6,039","42.755585, -76.387278"
667,12972,"6,034","44.555281, -73.539491"
668,13856,"6,009","42.181947, -75.161730"
669,12518,"5,988","41.401437, -74.037497"
671,14569,"5,915","42.750485, -78.169399"
672,14487,"5,910","42.810905, -77.636990"
673,12962,"5,831","44.710163, -73.594763"
674,13309,"5,823","43.476533, -75.343325"
675,14303,"5,805","43.084094, -79.031636"
676,14132,"5,792","43.152672, -78.867925"
677,14837,"5,779","42.490228, -77.016336"
678,13753,"5,777","42.295421, -74.924118"
680,11020,"5,728","40.770007, -73.712974"
681,13624,"5,715","44.209480, -76.093055"
682,10506,"5,693","41.190889, -73.638479"
683,10913,"5,610","41.068258, -73.954975"
684,11980,"5,604","40.831652, -72.923760"
685,10282,"5,593","40.717017, -74.015566"
686,13326,"5,584","42.722500, -74.895381"
687,13166,"5,572","43.068039, -76.544080"
688,10502,"5,567","41.014059, -73.839744"
689,13778,"5,557","42.359219, -75.759496"
690,14867,"5,548","42.343150, -76.618094"
691,10516,"5,542","41.462100, -73.875003"
692,12542,"5,537","41.613876, -74.015014"
693,12123,"5,492","42.522140, -73.606447"
694,14174,"5,475","43.249139, -78.998325"
695,10993,"5,433","41.209896, -73.973842"
696,14551,"5,426","43.218114, -77.049402"
697,14590,"5,412","43.245357, -76.832127"
698,12025,"5,404","43.083346, -74.138092"
698,11940,"5,404","40.809637, -72.759740"
699,14801,"5,379","42.104056, -77.292968"
700,13159,"5,348","42.824842, -76.116211"
701,14009,"5,341","42.593267, -78.397520"
702,14067,"5,328","43.212160, -78.556274"
703,14530,"5,317","42.741094, -78.014636"
704,10962,"5,314","41.050504, -73.960154"
705,14727,"5,225","42.206974, -78.297252"
706,10594,"5,215","41.110366, -73.767887"
707,11579,"5,209","40.844004, -73.644012"
708,13830,"5,196","42.442442, -75.645524"
709,13068,"5,160","42.500037, -76.365082"
710,13407,"5,155","42.965377, -74.944407"
711,10069,"5,085","40.775551, -73.989689"
712,12170,"5,061","43.001956, -73.667271"
713,12305,"5,059","42.815918, -73.944331"
714,14131,"5,039","43.235271, -78.899008"
715,12498,"5,005","42.046044, -74.109455"
716,13053,"4,980","42.479574, -76.267919"
717,10532,"4,968","41.100192, -73.798695"
718,12084,"4,959","42.704563, -73.899429"
719,14505,"4,925","43.159419, -77.168961"
720,12887,"4,919","43.550808, -73.383202"
721,11804,"4,916","40.766708, -73.451812"
722,14572,"4,910","42.564924, -77.562596"
723,12446,"4,902","41.790937, -74.314960"
724,10576,"4,891","41.221577, -73.572332"
725,12883,"4,885","43.836665, -73.552970"
726,14871,"4,879","42.039625, -76.911418"
727,13733,"4,861","42.297364, -75.478119"
728,11952,"4,841","41.001012, -72.543737"
729,12522,"4,833","41.720153, -73.581931"
730,11715,"4,832","40.749738, -73.034888"
731,10560,"4,825","41.340527, -73.597609"
732,13605,"4,816","43.807294, -76.050285"
733,12143,"4,800","42.489818, -73.855238"
734,12946,"4,790","44.273458, -73.962583"
735,14510,"4,772","42.683839, -77.881897"
736,12545,"4,750","41.779068, -73.677258"
737,14787,"4,739","42.311648, -79.571405"
738,14036,"4,729","42.973851, -78.389527"
739,11568,"4,704","40.786513, -73.598478"
740,14883,"4,670","42.243022, -76.472102"
741,12845,"4,647","43.424813, -73.718378"
742,14423,"4,631","42.937814, -77.835109"
743,12053,"4,621","42.757543, -74.190866"
744,14546,"4,608","43.032675, -77.780006"
745,11942,"4,597","40.850055, -72.587962"
745,11514,"4,597","40.749920, -73.614017"
746,14105,"4,570","43.180186, -78.486578"
747,13452,"4,553","43.043056, -74.630470"
748,14136,"4,551","42.521331, -79.175253"
749,12992,"4,517","44.826541, -73.532192"
750,13140,"4,509","43.060381, -76.650274"
751,12871,"4,492","43.088569, -73.612965"
752,14750,"4,483","42.076991, -79.327748"
753,14512,"4,446","42.645241, -77.399770"
754,12037,"4,444","42.338761, -73.565767"
755,10464,"4,434","40.867099, -73.797609"
755,12580,"4,434","41.863651, -73.871535"
756,12885,"4,432","43.524438, -73.821873"
757,13862,"4,429","42.330958, -75.931008"
758,12148,"4,414","42.827793, -73.848164"
759,14532,"4,389","42.964101, -77.032088"
760,13082,"4,380","43.102730, -75.959888"
761,10916,"4,361","41.442343, -74.250577"
762,12594,"4,357","41.646342, -73.562593"
763,14737,"4,351","42.329050, -78.428611"
764,14433,"4,350","43.077038, -76.878578"
765,13849,"4,334","42.364096, -75.315824"
766,13329,"4,330","43.110979, -74.703510"
,13811,"4,313","42.225336, -76.179839"
767,12122,"4,313","42.545070, -74.308047"
768,13838,"4,284","42.285099, -75.388127"
769,13460,"4,279","42.686926, -75.458076"
770,10963,"4,276","41.472208, -74.542990"
771,12816,"4,269","43.043657, -73.363490"
772,14541,"4,255","42.763430, -76.844570"
773,14802,"4,251","42.254333, -77.789646"
774,13803,"4,240","42.470065, -76.072120"
775,12157,"4,228","42.669798, -74.286077"
776,10524,"4,227","41.375242, -73.926122"
777,14891,"4,210","42.377014, -76.946182"
778,12134,"4,186","43.235596, -74.140135"
779,12833,"4,182","43.140518, -73.857206"
780,14080,"4,158","42.634961, -78.561244"
781,11944,"4,121","41.106515, -72.369487"
782,14772,"4,108","42.157470, -78.952618"
783,12944,"4,100","44.442367, -73.514751"
784,13074,"4,078","43.319627, -76.550317"
785,14882,"4,072","42.580117, -76.553258"
786,13030,"4,057","43.148972, -76.033624"
786,10928,"4,057","41.348970, -73.998495"
786,13637,"4,057","44.106202, -75.818322"
787,13634,"4,049","44.026880, -76.083381"
788,13602,"4,007","44.061817, -75.741909"
789,14485,"3,989","42.882635, -77.601026"
790,14042,"3,966","42.462371, -78.473211"
791,13456,"3,962","43.000897, -75.260892"
792,12790,"3,956","41.563427, -74.527399"
793,13317,"3,954","42.862103, -74.589232"
794,13833,"3,947","42.198205, -75.768632"
795,13354,"3,944","43.261606, -75.270920"
797,10921,"3,911","41.328266, -74.372269"
798,12758,"3,908","41.940283, -74.739118"
799,10925,"3,878","41.222743, -74.292681"
800,14733,"3,844","42.160122, -79.172199"
801,11796,"3,826","40.729245, -73.099841"
802,10548,"3,817","41.247875, -73.941802"
803,12027,"3,815","42.935415, -73.907816"
804,13033,"3,801","43.188494, -76.562626"
805,11955,"3,785","40.809125, -72.816096"
806,13748,"3,779","42.042579, -75.822521"
807,13408,"3,775","42.919020, -75.664315"
808,11732,"3,764","40.852904, -73.537599"
808,14548,"3,764","42.976397, -77.240263"
809,12083,"3,760","42.424856, -74.026466"
810,13131,"3,736","43.423243, -76.091802"
810,13476,"3,736","43.087503, -75.509514"
811,13084,"3,734","42.880541, -76.124474"
812,14125,"3,733","43.084919, -78.274609"
813,12865,"3,688","43.214159, -73.347451"
814,12827,"3,665","43.440555, -73.506595"
815,11954,"3,655","41.047283, -71.949541"
816,12526,"3,639","42.122234, -73.858769"
817,13491,"3,617","42.864135, -75.168133"
818,11719,"3,604","40.780748, -72.909617"
819,13743,"3,576","42.217061, -76.332567"
820,14823,"3,561","42.249138, -77.558954"
821,11697,"3,540","40.555681, -73.920688"
822,14416,"3,528","43.083960, -77.992253"
823,13439,"3,518","42.853508, -74.998075"
824,13116,"3,504","43.074754, -76.007939"
825,13787,"3,502","42.200328, -75.665581"
826,12809,"3,493","43.241806, -73.471231"
827,12487,"3,483","41.877496, -73.999323"
828,14202,"3,474","42.881855, -78.877198"
829,10926,"3,467","41.276440, -74.116509"
830,10006,"3,454","40.707970, -74.013610"
831,12449,"3,433","41.997728, -73.992872"
832,13655,"3,431","44.982056, -74.650084"
833,14719,"3,424","42.341958, -78.875953"
833,13795,"3,424","42.056638, -75.778938"
834,13480,"3,398","42.917856, -75.363163"
835,13132,"3,397","43.271927, -76.251046"
836,12543,"3,395","41.485123, -74.220417"
837,12443,"3,378","41.934991, -74.084925"
838,12196,"3,371","42.631786, -73.613946"
839,14812,"3,366","42.286166, -76.974274"
840,10958,"3,365","41.379281, -74.423711"
841,14543,"3,360","42.990648, -77.679529"
843,10987,"3,342","41.199212, -74.224545"
844,14111,"3,337","42.584773, -78.895160"
845,13080,"3,329","43.080922, -76.465078"
846,12531,"3,323","41.520881, -73.659921"
847,13417,"3,317","43.101278, -75.293446"
848,13471,"3,313","43.378027, -75.610579"
849,12404,"3,306","41.818967, -74.236062"
850,12138,"3,300","42.748844, -73.370413"
851,14757,"3,298","42.246047, -79.504370"
852,13668,"3,291","44.755152, -74.998740"
853,14710,"3,268","42.087770, -79.419847"
854,13438,"3,253","43.354138, -75.159614"
855,14062,"3,248","42.451343, -79.166476"
856,14738,"3,247","42.045388, -79.056846"
857,12846,"3,243","43.345954, -73.789719"
858,13754,"3,233","42.088482, -75.447962"
859,14025,"3,223","42.621454, -78.726069"
860,13167,"3,215","43.330099, -76.066134"
861,12850,"3,204","43.102616, -73.981441"
862,11935,"3,199","41.021223, -72.486958"
863,13825,"3,193","42.455996, -75.191937"
864,13411,"3,189","42.633789, -75.306457"
865,14821,"3,186","42.238903, -77.207758"
866,14712,"3,178","42.183745, -79.361923"
867,10974,"3,175","41.154310, -74.200465"
868,11724,"3,160","40.856500, -73.452894"
869,10998,"3,157","41.324048, -74.541192"
870,14081,"3,130","42.563205, -79.067832"
871,12919,"3,121","44.959984, -73.454730"
872,13667,"3,118","44.837240, -74.960450"
873,13656,"3,108","44.192235, -75.955486"
874,13308,"3,106","43.251374, -75.660412"
875,12117,"3,094","43.169293, -74.261094"
876,12068,"3,083","42.956072, -74.401834"
877,14755,"3,080","42.233756, -78.804596"
878,11718,"3,069","40.723177, -73.268488"
879,14517,"3,063","42.593398, -77.892894"
880,11978,"3,058","40.829341, -72.629768"
881,13461,"3,031","43.077098, -75.587609"
882,10004,"3,028","40.691870, -74.014109"
883,14561,"3,021","42.819550, -77.130007"
884,12015,"3,006","42.292243, -73.821532"
885,14865,"2,981","42.356119, -76.826721"
886,14172,"2,978","43.286046, -78.818100"
887,11548,"2,963","40.814616, -73.622003"
889,12567,"2,951","41.983070, -73.660642"
890,12520,"2,947","41.428017, -73.996195"
891,14807,"2,946","42.410670, -77.721044"
892,13332,"2,939","42.764187, -75.581764"
893,14735,"2,931","42.452690, -78.096169"
894,12514,"2,905","41.877418, -73.764441"
894,14098,"2,905","43.333873, -78.378758"
896,12547,"2,899","41.660687, -73.986567"
897,12074,"2,895","43.078638, -74.060443"
898,12072,"2,884","42.884893, -74.356741"
899,13691,"2,878","44.227220, -75.773875"
900,12525,"2,858","41.689432, -74.208280"
901,12075,"2,850","42.299922, -73.633627"
902,14715,"2,840","42.076533, -78.144754"
903,12413,"2,815","42.313984, -74.022160"
903,12546,"2,815","41.948000, -73.523357"
904,13060,"2,809","43.024403, -76.423425"
905,10588,"2,808","41.316837, -73.829264"
906,12154,"2,807","42.927812, -73.590652"
907,12458,"2,804","41.857544, -74.389725"
908,14034,"2,800","42.495620, -78.860854"
909,10984,"2,780","41.202903, -74.022265"
910,14770,"2,777","42.025254, -78.293380"
911,12821,"2,766","43.453350, -73.408531"
912,13478,"2,760","43.144012, -75.581897"
913,14435,"2,750","42.711869, -77.666023"
914,14716,"2,746","42.376294, -79.436818"
914,14739,"2,746","42.197690, -78.155910"
915,12056,"2,743","42.764876, -74.100328"
916,12167,"2,737","42.423174, -74.598846"
917,12529,"2,730","42.198740, -73.542728"
918,13654,"2,722","44.571770, -75.488083"
919,12501,"2,719","41.853423, -73.557731"
920,12788,"2,717","41.787539, -74.589314"
921,13606,"2,716","43.866400, -76.022787"
922,14840,"2,712","42.441073, -77.188573"
923,13143,"2,706","43.235788, -76.714793"
925,12966,"2,685","44.798893, -74.418686"
926,13730,"2,683","42.238949, -75.571439"
927,12484,"2,671","41.861839, -74.176528"
928,13783,"2,665","41.993562, -75.290452"
929,14471,"2,651","42.747504, -77.499442"
930,13044,"2,621","43.304757, -75.993273"
931,14525,"2,607","42.869999, -78.011531"
932,13042,"2,604","43.260450, -75.852580"
933,12183,"2,591","42.746893, -73.693861"
934,13164,"2,587","43.092042, -76.313051"
935,14873,"2,578","42.515864, -77.304978"
936,13613,"2,574","44.843198, -74.749024"
937,14817,"2,556","42.365570, -76.332004"
938,12094,"2,550","42.899423, -73.489795"
939,14170,"2,544","42.700245, -78.674307"
940,14775,"2,530","42.228753, -79.699933"
941,13685,"2,520","43.925467, -76.085519"
942,13409,"2,519","42.974873, -75.596977"
943,12859,"2,489","43.167174, -73.896576"
944,13812,"2,482","42.034436, -76.348183"
945,13092,"2,479","42.654563, -76.419295"
946,13424,"2,468","43.158842, -75.357088"
947,12583,"2,465","42.059591, -73.883626"
948,12921,"2,464","44.888344, -73.432591"
949,11977,"2,455","40.844797, -72.694993"
950,14516,"2,454","43.197860, -76.911334"
951,14139,"2,438","42.711704, -78.528617"
952,14782,"2,435","42.265414, -79.259701"
953,13040,"2,434","42.576696, -75.937895"
954,12106,"2,427","42.386683, -73.711898"
955,13459,"2,405","42.775005, -74.588674"
956,12466,"2,402","41.905034, -73.985610"
957,14847,"2,395","42.608582, -76.734212"
958,12149,"2,388","42.630367, -74.559012"
959,13324,"2,382","43.317924, -74.958912"
960,14012,"2,379","43.332173, -78.532622"
961,10968,"2,363","41.036334, -73.921633"
962,12958,"2,362","44.953538, -73.572922"
963,14724,"2,361","42.046328, -79.669830"
965,14521,"2,357","42.688238, -76.804245"
965,10976,"2,357","41.021423, -73.922172"
966,13146,"2,354","43.100853, -76.756859"
967,13416,"2,346","43.187390, -74.970566"
968,13622,"2,344","44.086743, -76.100111"
969,12920,"2,339","44.911936, -74.067219"
970,14422,"2,333","43.087057, -78.059979"
971,12835,"2,328","43.311938, -74.012886"
972,14813,"2,325","42.246862, -77.967713"
973,13612,"2,322","43.985237, -75.769370"
974,13076,"2,314","43.353717, -76.149319"
975,12581,"2,313","41.900541, -73.692273"
976,12981,"2,301","44.627097, -73.845850"
976,13101,"2,301","42.599501, -76.066293"
977,13648,"2,298","44.136851, -75.285638"
978,13658,"2,288","44.743083, -75.279399"
979,14809,"2,279","42.422712, -77.441531"
979,13363,"2,279","43.337328, -75.512822"
980,14476,"2,274","43.329379, -78.042800"
981,14744,"2,268","42.424066, -78.217658"
982,12185,"2,262","42.922756, -73.545061"
983,13673,"2,260","44.180844, -75.726040"
984,13120,"2,250","42.933170, -76.175146"
985,13620,"2,245","43.908782, -75.448325"
985,13626,"2,245","43.844972, -75.739558"
986,14604,"2,243","43.157078, -77.604677"
987,13616,"2,229","44.032051, -75.870748"
988,12979,"2,223","44.987143, -73.375296"
989,12776,"2,214","41.963392, -74.958769"
990,12918,"2,208","44.663770, -73.699653"
991,12578,"2,206","41.808483, -73.781304"
992,14747,"2,201","42.158209, -79.084048"
993,13495,"2,197","43.114019, -75.271854"
994,13797,"2,194","42.333665, -76.040401"
995,12926,"2,192","44.950817, -74.328997"
996,14040,"2,179","42.882168, -78.377535"
997,12748,"2,160","41.770795, -74.928957"
998,10511,"2,158","41.261063, -73.948349"
999,11509,"2,153","40.587962, -73.729710"
999,13736,"2,153","42.323579, -76.192978"
"1,000",14767,"2,146","42.040452, -79.514296"
"1,001",14560,"2,142","42.690701, -77.582961"
"1,002",12023,"2,134","42.598558, -74.183022"
"1,003",14818,"2,129","42.454933, -76.818927"
"1,004",10973,"2,123","41.380516, -74.480462"
"1,005",12817,"2,119","43.639819, -73.818906"
"1,005",12912,"2,119","44.480950, -73.772496"
"1,006",13425,"2,113","42.970137, -75.490673"
"1,007",10537,"2,106","41.355369, -73.879979"
"1,008",13320,"2,102","42.777805, -74.740798"
"1,009",12173,"2,100","42.371855, -73.754161"
"1,010",13843,"2,099","42.566573, -75.389210"
"1,011",12780,"2,097","41.457111, -74.701686"
"1,012",14879,"2,090","42.307683, -77.202498"
"1,013",14781,"2,089","42.161603, -79.601288"
"1,014",12996,"2,079","44.355279, -73.448053"
"1,015",13083,"2,069","43.650543, -75.982795"
"1,016",13327,"2,056","43.972929, -75.262309"
"1,016",12916,"2,056","44.829345, -74.514650"
"1,017",13160,"2,055","42.827598, -76.648904"
"1,018",11964,"2,054","41.055701, -72.316976"
"1,019",12168,"2,053","42.560992, -73.387574"
"1,020",12937,"2,045","44.954775, -74.471763"
"1,021",14427,"2,044","42.615137, -78.050762"
"1,022",13110,"2,038","42.889042, -76.276926"
"1,023",12057,"2,036","42.960614, -73.351947"
"1,024",13646,"2,030","44.446084, -75.674193"
"1,025",12575,"2,028","41.486109, -74.158896"
"1,025",13734,"2,028","42.069955, -76.409653"
"1,026",14544,"2,026","42.756251, -77.243735"
"1,027",12197,"2,023","42.609999, -74.724749"
"1,028",14533,"2,021","42.853887, -77.902665"
"1,029",14806,"2,015","42.156645, -77.792643"
"1,030",12910,"2,006","44.860024, -73.659348"
"1,030",14138,"2,006","42.367234, -79.047120"
"1,031",11941,"2,004","40.828756, -72.718536"
"1,032",14826,"2,000","42.491464, -77.497778"
"1,032",13746,"2,000","42.237222, -75.862775"
"1,032",12759,"2,000","41.786385, -74.660591"
"1,033",12440,"1,999","41.803951, -74.140091"
"1,034",11976,"1,996","40.929237, -72.347410"
"1,035",12747,"1,992","41.750928, -74.692894"
"1,035",12783,"1,992","41.738633, -74.833724"
"1,036",13679,"1,989","44.291541, -75.845822"
"1,037",13063,"1,988","42.847233, -75.967841"
"1,037",14718,"1,988","42.345814, -79.287617"
"1,038",13034,"1,987","42.961986, -76.711189"
"1,039",13144,"1,986","43.568747, -75.977023"
"1,039",12775,"1,986","41.623302, -74.592546"
"1,040",14005,"1,973","42.917699, -78.241631"
"1,041",12577,"1,972","41.424982, -74.109743"
"1,041",14101,"1,972","42.386295, -78.536979"
"1,042",12779,"1,959","41.696285, -74.628008"
"1,043",12740,"1,958","41.879181, -74.495101"
"1,044",14171,"1,956","42.424674, -78.649832"
"1,045",12192,"1,954","42.417040, -73.817206"
"1,046",12789,"1,952","41.694323, -74.574261"
"1,047",14058,"1,951","43.109493, -78.160006"
"1,048",14898,"1,950","42.053364, -77.429500"
"1,049",14711,"1,915","42.321632, -78.131646"
"1,050",12957,"1,899","44.842599, -74.575140"
"1,051",13156,"1,896","43.325994, -76.661304"
"1,051",13697,"1,896","44.754714, -74.810347"
"1,052",14504,"1,873","42.967777, -77.233608"
"1,053",13625,"1,863","44.542508, -74.910389"
"1,054",12070,"1,860","42.981313, -74.265712"
"1,055",12928,"1,858","43.963848, -73.583301"
"1,056",10917,"1,855","41.322562, -74.120871"
"1,058",13433,"1,844","43.589518, -75.242417"
"1,059",13112,"1,843","43.095233, -76.407971"
"1,060",14814,"1,833","42.141860, -76.950494"
"1,061",14726,"1,829","42.253585, -79.020279"
"1,062",12193,"1,828","42.507525, -74.038399"
"1,063",14741,"1,809","42.219966, -78.611624"
"1,063",12155,"1,809","42.584407, -74.837289"
"1,064",13493,"1,792","43.432843, -75.897509"
"1,065",10986,"1,791","41.272382, -73.985586"
"1,065",12729,"1,791","41.489701, -74.613104"
"1,066",14838,"1,786","42.183871, -76.658655"
"1,067",14145,"1,785","42.729606, -78.434328"
"1,068",12066,"1,784","42.795866, -74.317456"
"1,069",12737,"1,782","41.486964, -74.798585"
"1,070",14743,"1,780","42.201818, -78.407487"
"1,071",14030,"1,775","42.559707, -78.490059"
"1,072",13402,"1,774","42.908511, -75.499306"
"1,073",13431,"1,773","43.209082, -75.073328"
"1,074",13343,"1,772","43.742548, -75.326461"
"1,075",13775,"1,769","42.332984, -75.159583"
"1,076",14065,"1,763","42.488879, -78.315214"
"1,077",12137,"1,762","42.860367, -74.133040"
"1,078",13490,"1,757","43.109467, -75.424150"
"1,079",13428,"1,754","42.915071, -74.546238"
"1,079",14033,"1,754","42.660306, -78.684252"
"1,080",11005,"1,749","40.756578, -73.714178"
"1,080",12455,"1,749","42.107292, -74.661592"
"1,081",13026,"1,734","42.756705, -76.651626"
"1,082",12062,"1,730","42.547941, -73.544568"
"1,084",13302,"1,722","43.498110, -75.965068"
"1,085",12461,"1,718","41.926103, -74.301048"
"1,086",14481,"1,709","42.770069, -77.921401"
"1,087",14013,"1,708","43.086290, -78.397746"
"1,088",14028,"1,703","43.318386, -78.719214"
"1,089",13652,"1,696","44.435240, -75.223166"
"1,090",12207,"1,688","42.658332, -73.746412"
"1,091",13650,"1,687","43.819731, -76.217537"
"1,092",14203,"1,666","42.848139, -78.847987"
"1,092",12116,"1,666","42.538795, -74.911164"
"1,093",13054,"1,665","43.169352, -75.666823"
"1,094",14889,"1,659","42.234171, -76.578897"
"1,095",12059,"1,657","42.619229, -74.060894"
"1,096",12058,"1,656","42.345129, -73.918376"
"1,097",12935,"1,651","44.843039, -73.749557"
"1,098",12733,"1,642","41.727393, -74.606582"
"1,099",12516,"1,640","42.108103, -73.551361"
"1,100",12067,"1,635","42.557461, -73.920294"
"1,101",12093,"1,632","42.497796, -74.628095"
"1,102",14167,"1,621","42.750032, -78.324679"
"1,103",13111,"1,616","43.258488, -76.614264"
"1,104",12974,"1,602","44.043787, -73.472821"
"1,105",12121,"1,597","42.851135, -73.612683"
"1,105",12052,"1,597","42.747432, -73.463447"
"1,106",12463,"1,594","42.185728, -74.028971"
"1,107",13304,"1,593","43.231963, -75.170870"
"1,108",14550,"1,589","42.676483, -78.098453"
"1,109",10162,"1,584","40.769298, -73.949942"
"1,110",12764,"1,583","41.591553, -74.995556"
"1,111",12853,"1,577","43.657984, -74.064603"
"1,112",12870,"1,576","43.844949, -73.755934"
"1,113",10526,"1,572","41.294835, -73.662114"
"1,114",14024,"1,567","42.567837, -78.234911"
"1,115",13145,"1,566","43.651660, -76.123014"
"1,116",13618,"1,563","44.114766, -76.290981"
"1,117",14055,"1,562","42.562879, -78.600126"
"1,118",12723,"1,561","41.775783, -75.018807"
"1,118",14880,"1,561","42.172558, -77.974607"
"1,119",13660,"1,558","44.773868, -75.160958"
"1,119",12486,"1,558","41.834702, -74.062603"
"1,120",13328,"1,554","42.981397, -75.426471"
"1,121",12140,"1,552","42.696684, -73.540064"
"1,122",12060,"1,551","42.410399, -73.505286"
"1,123",13809,"1,546","42.410311, -75.428623"
"1,124",13608,"1,544","44.254686, -75.615340"
"1,125",13315,"1,543","42.739121, -75.136119"
"1,126",13158,"1,539","42.717351, -75.973408"
"1,127",12451,"1,536","42.309379, -73.958879"
"1,128",12491,"1,535","41.965186, -74.141441"
"1,129",13808,"1,534","42.530472, -75.254515"
"1,130",14478,"1,526","42.572191, -77.128404"
"1,131",13052,"1,522","42.745091, -75.863841"
"1,132",13335,"1,519","42.705575, -75.247960"
"1,133",12076,"1,514","42.399716, -74.390523"
"1,134",12523,"1,512","42.069887, -73.753418"
"1,135",12086,"1,505","43.009005, -74.086332"
"1,136",12485,"1,502","42.204654, -74.116052"
"1,137",12515,"1,499","41.679444, -74.064879"
"1,139",14591,"1,497","42.832021, -78.107328"
"1,140",10546,"1,496","41.203621, -73.796171"
"1,141",10919,"1,491","41.526746, -74.378036"
"1,142",14466,"1,482","42.779916, -77.583278"
"1,143",12472,"1,472","41.849570, -74.076786"
"1,144",14054,"1,471","42.908684, -78.148894"
"1,145",14129,"1,470","42.481182, -79.017384"
"1,146",12496,"1,463","42.319697, -74.241265"
"1,147",13680,"1,460","44.595988, -75.323398"
"1,148",13630,"1,451","44.498619, -75.311532"
"1,149",14709,"1,450","42.356494, -77.982064"
"1,150",13694,"1,441","44.857601, -75.146018"
"1,151",13477,"1,437","43.035802, -75.516213"
"1,152",12521,"1,431","42.171332, -73.650529"
"1,153",13348,"1,419","42.707256, -75.057189"
"1,154",13801,"1,413","42.505085, -75.776970"
"1,155",14804,"1,402","42.314417, -77.851435"
"1,156",13796,"1,400","42.548152, -75.145203"
"1,157",12481,"1,398","41.976090, -74.207238"
"1,158",10501,"1,394","41.288104, -73.759211"
"1,159",12993,"1,387","44.193847, -73.489177"
"1,160",12125,"1,385","42.475027, -73.412709"
"1,161",14858,"1,382","42.036293, -77.134052"
"1,162",13464,"1,378","42.687973, -75.615788"
"1,164",12956,"1,370","44.097612, -73.481333"
"1,165",13661,"1,368","43.720822, -76.097899"
"1,166",12814,"1,354","43.624528, -73.636205"
"1,167",14477,"1,349","43.335707, -78.133393"
"1,168",14506,"1,346","43.002205, -77.505265"
"1,169",12941,"1,345","44.349395, -73.727808"
"1,170",14418,"1,333","42.604430, -77.216428"
"1,171",12917,"1,332","44.939317, -74.174695"
"1,172",13757,"1,318","42.405103, -74.924223"
"1,173",14008,"1,315","43.309798, -78.629027"
"1,174",14571,"1,313","43.345849, -78.253890"
"1,175",14861,"1,310","42.099275, -76.681052"
"1,176",13318,"1,305","42.920182, -75.261538"
"1,177",14869,"1,302","42.368195, -76.768955"
"1,178",13122,"1,289","42.838680, -75.844781"
"1,179",14066,"1,286","42.615091, -78.186176"
"1,180",12719,"1,284","41.483758, -74.916637"
"1,181",10964,"1,283","41.017211, -73.913870"
"1,182",13807,"1,278","42.629776, -75.028841"
"1,183",12985,"1,277","44.564739, -73.715975"
"1,184",13835,"1,276","42.393463, -76.155520"
"1,184",12980,"1,276","44.560173, -74.589754"
"1,185",12726,"1,266","41.699480, -74.988521"
"1,186",14864,"1,253","42.285203, -76.845703"
"1,186",14894,"1,253","42.019488, -76.750371"
"1,187",13607,"1,247","44.338200, -75.887805"
"1,188",12592,"1,243","41.783329, -73.556777"
"1,189",14507,"1,236","42.675374, -77.305556"
"1,190",14614,"1,232","43.157055, -77.615197"
"1,191",10518,"1,231","41.277016, -73.602519"
"1,192",12502,"1,223","42.083350, -73.656655"
"1,193",12903,"1,215","44.684070, -73.445756"
"1,194",12548,"1,213","41.657693, -74.101817"
"1,196",12932,"1,194","44.195277, -73.609298"
"1,197",12166,"1,193","42.844633, -74.460179"
"1,198",12967,"1,186","44.772993, -74.662821"
"1,199",14860,"1,182","42.577999, -76.830889"
"1,200",13635,"1,177","44.286726, -75.280789"
"1,201",11972,"1,171","40.818205, -72.701844"
"1,202",12565,"1,165","42.248157, -73.645187"
"1,203",14102,"1,163","42.835266, -78.563136"
"1,204",12913,"1,162","44.437184, -74.009083"
"1,204",13615,"1,162","44.007217, -75.979240"
"1,205",12156,"1,151","42.470821, -73.748257"
"1,206",13755,"1,148","42.079360, -75.011893"
"1,206",14753,"1,148","42.040451, -78.638622"
"1,207",13147,"1,147","42.775406, -76.569608"
"1,207",12430,"1,147","42.200758, -74.499160"
"1,208",13744,"1,143","42.243494, -75.907999"
"1,209",11932,"1,138","40.939791, -72.308369"
"1,211",12431,"1,129","42.362023, -74.023533"
"1,212",13338,"1,121","43.510379, -74.982347"
"1,212",13334,"1,121","42.838213, -75.654080"
"1,213",12785,"1,119","41.521037, -74.589126"
"1,214",14731,"1,115","42.307754, -78.643656"
"1,215",13810,"1,114","42.606817, -75.108363"
"1,216",13303,"1,113","43.367414, -75.468212"
"1,217",14091,"1,111","42.537727, -78.882534"
"1,218",13028,"1,109","43.297634, -75.895223"
"1,219",12959,"1,108","44.952351, -73.719912"
"1,220",13684,"1,107","44.356596, -75.013141"
"1,221",13081,"1,105","42.673617, -76.627152"
"1,222",12029,"1,104","42.415956, -73.424965"
"1,222",14723,"1,104","42.317704, -79.157231"
"1,223",12960,"1,099","44.015756, -73.572348"
"1,224",12765,"1,095","41.852332, -74.621157"
"1,225",12423,"1,089","42.382493, -74.109110"
"1,226",12474,"1,082","42.323807, -74.583034"
"1,227",11569,"1,080","40.608435, -73.590373"
"1,227",14805,"1,080","42.351406, -76.720073"
"1,228",14740,"1,079","42.222299, -79.148649"
"1,229",12489,"1,078","41.755712, -74.349070"
"1,230",14855,"1,074","42.145700, -77.497396"
"1,231",13061,"1,073","42.858748, -75.745465"
"1,232",12815,"1,072","43.695952, -73.667874"
"1,232",13839,"1,072","42.240354, -75.259059"
"1,233",12468,"1,069","42.299024, -74.400728"
"1,234",13325,"1,067","43.597050, -75.528148"
"1,235",14555,"1,064","43.257062, -76.991465"
"1,236",14480,"1,063","42.839522, -77.708389"
"1,236",13368,"1,063","43.635778, -75.325203"
"1,237",12837,"1,059","43.476445, -73.255601"
"1,238",12087,"1,053","42.432250, -73.892894"
"1,239",14784,"1,040","42.319116, -79.389155"
"1,240",13780,"1,036","42.431337, -75.483014"
"1,241",14728,"1,033","42.263333, -79.423176"
"1,242",12153,"1,027","42.640875, -73.460977"
"1,243",12046,"1,025","42.509480, -73.923510"
"1,244",12989,"1,024","44.520107, -74.069770"
"1,245",10931,"1,017","41.127584, -74.170333"
"1,246",14769,"1,013","42.367931, -79.472317"
"1,247",14822,"1,012","42.424481, -77.851457"
"1,247",14037,"1,012","42.808401, -78.450075"
"1,248",13864,"1,011","42.292696, -76.401099"
"1,249",13485,"1,009","42.757288, -75.333120"
"1,250",12746,"1,004","41.442314, -74.665141"
"1,251",13788,990,"42.338730, -74.666876"
"1,252",12970,984,"44.452573, -74.290050"
"1,253",12824,970,"43.514318, -73.696762"
"1,254",12934,967,"44.857914, -73.855586"
"1,255",11939,954,"41.135116, -72.339675"
"1,256",14143,940,"42.968891, -78.076941"
"1,257",13420,933,"43.649537, -74.987135"
"1,258",12028,929,"42.934442, -73.442269"
"1,259",12751,926,"41.682808, -74.656247"
"1,259",13469,926,"43.214828, -75.302367"
"1,261",12406,922,"42.079963, -74.524062"
"1,261",11948,922,"40.963769, -72.553554"
"1,262",13750,919,"42.459563, -74.831929"
"1,264",12734,903,"41.734585, -74.750460"
"1,265",12914,902,"44.930433, -74.602930"
"1,265",13322,902,"42.977305, -75.198364"
"1,266",14729,897,"42.408377, -78.743584"
"1,266",13355,897,"42.810450, -75.421645"
"1,267",12150,895,"42.880521, -74.052686"
"1,267",13071,895,"42.675103, -76.542586"
"1,268",12457,893,"42.046634, -74.233239"
"1,268",11930,893,"40.988145, -72.104673"
"1,270",13682,885,"43.847665, -75.882700"
"1,270",13681,885,"44.428046, -75.373133"
"1,271",13731,880,"42.128419, -74.787370"
"1,272",12160,872,"42.753580, -74.347628"
"1,273",12585,870,"41.726404, -73.691510"
"1,274",10578,868,"41.320276, -73.678991"
"1,275",13486,864,"43.347530, -75.356372"
"1,276",12873,856,"43.117451, -73.311646"
"1,276",12035,856,"42.733746, -74.371881"
"1,277",12032,853,"43.162692, -74.508020"
"1,278",10597,851,"41.292024, -73.606222"
"1,278",12190,851,"43.475631, -74.285410"
"1,278",12456,851,"42.032997, -73.998278"
"1,279",12777,850,"41.561802, -74.709618"
"1,280",12942,846,"44.232234, -73.826953"
"1,281",13690,835,"44.192709, -74.948741"
"1,282",14836,834,"42.509496, -77.923667"
"1,282",14820,834,"42.195141, -77.370314"
"1,283",14842,832,"42.600505, -76.981134"
"1,284",14803,831,"42.233273, -77.795084"
"1,285",13361,813,"42.904352, -74.867560"
"1,286",14897,811,"42.043602, -77.794465"
"1,286",14815,811,"42.374323, -77.086684"
"1,286",13319,811,"43.025796, -75.278313"
"1,286",12842,811,"43.738345, -74.367058"
"1,287",14859,804,"42.141589, -76.547214"
"1,288",13739,796,"42.394254, -74.805810"
"1,289",12768,794,"41.876259, -74.715135"
"1,290",12151,792,"42.922697, -73.787225"
"1,291",12442,785,"42.237891, -74.270911"
"1,291",12473,785,"42.277061, -74.078875"
"1,292",11959,784,"40.827003, -72.602522"
"1,293",14839,782,"42.147524, -77.627811"
"1,293",11957,782,"41.153376, -72.263818"
"1,294",11547,776,"40.830929, -73.643958"
"1,295",10527,774,"41.321183, -73.769878"
"1,296",12409,771,"42.084844, -74.156900"
"1,296",13752,771,"42.190557, -74.897015"
"1,297",13863,766,"42.435399, -75.906242"
"1,298",13672,763,"44.403781, -74.645192"
"1,299",13844,758,"42.605698, -75.689550"
"1,300",12930,756,"44.724058, -74.532775"
"1,301",12434,754,"42.354338, -74.482882"
"1,302",14825,749,"42.055631, -76.605721"
"1,303",12810,747,"43.491968, -73.985941"
"1,304",14819,745,"42.224194, -77.441939"
"1,305",14846,743,"42.534005, -78.012151"
"1,306",13072,738,"42.761342, -75.751696"
"1,307",12950,735,"44.318369, -73.581246"
"1,308",12480,733,"42.159477, -74.363284"
"1,309",12130,729,"42.442570, -73.658564"
"1,309",12863,729,"43.063469, -73.935709"
"1,310",14885,726,"42.046290, -77.567857"
"1,311",11765,723,"40.881909, -73.553311"
"1,312",14069,721,"42.600308, -78.638387"
"1,313",13406,710,"43.141034, -74.935218"
"1,314",12762,709,"41.664364, -74.792204"
"1,315",12092,706,"42.703054, -74.389967"
"1,316",13665,703,"44.048460, -75.434366"
"1,317",12136,699,"42.439484, -73.555326"
"1,318",12836,698,"43.747839, -73.545582"
"1,318",11958,698,"41.039067, -72.464419"
"1,319",11960,696,"40.806462, -72.702460"
"1,320",14777,695,"42.400206, -78.280334"
"1,321",11965,690,"41.076855, -72.341896"
"1,322",12732,689,"41.568057, -74.886620"
"1,323",13489,679,"43.466569, -75.522386"
"1,325",13782,665,"42.169631, -74.991294"
"1,326",13832,663,"42.668918, -75.686965"
"1,327",12464,653,"42.033404, -74.369416"
"1,328",12405,652,"42.322121, -74.071832"
"1,329",13470,649,"43.209651, -74.610052"
"1,330",12763,648,"41.690603, -74.525308"
"1,331",14872,645,"42.228710, -76.872294"
"1,332",13473,642,"43.646998, -75.441240"
"1,333",12041,638,"42.539990, -73.973842"
"1,334",13841,634,"42.419610, -75.845795"
"1,335",12857,629,"43.832667, -73.971509"
"1,336",12494,628,"41.967413, -74.294206"
"1,336",12778,628,"41.642678, -74.817550"
"1,337",13310,624,"42.889620, -75.571545"
"1,338",12120,623,"42.465966, -74.136281"
"1,339",12878,621,"43.415025, -74.027450"
"1,340",14748,619,"42.173821, -78.606386"
"1,341",14808,612,"42.563230, -77.467272"
"1,341",12861,612,"43.746887, -73.417527"
"1,342",12008,609,"42.848917, -73.912735"
"1,342",13813,609,"42.156382, -75.529955"
"1,343",12469,605,"42.448595, -74.246097"
"1,344",14816,604,"42.188762, -76.737056"
"1,344",14082,604,"42.655393, -78.377089"
"1,346",12187,598,"42.618840, -74.463554"
"1,347",12860,597,"43.705345, -73.757999"
"1,348",12965,596,"44.694202, -74.687711"
"1,349",13337,595,"42.757804, -74.999545"
"1,350",14754,594,"42.021908, -78.201569"
"1,351",12022,591,"42.670232, -73.327389"
"1,352",12923,589,"44.944581, -73.945816"
"1,353",14026,588,"42.942011, -78.689442"
"1,354",13155,586,"42.674546, -75.776726"
"1,355",14714,582,"42.289988, -78.241131"
"1,356",12945,581,"44.342824, -74.251344"
"1,357",13141,577,"42.752495, -76.185697"
"1,358",12418,573,"42.355986, -74.156318"
"1,359",13454,571,"43.219835, -74.757700"
"1,360",12175,570,"42.563979, -74.556746"
"1,361",12412,562,"42.002120, -74.229211"
"1,361",13802,562,"42.242134, -76.041266"
"1,362",14536,561,"42.541588, -78.082446"
"1,366",12433,549,"42.000525, -74.156458"
"1,367",13740,547,"42.273814, -74.756993"
"1,368",13842,543,"42.381200, -74.724657"
"1,369",12419,540,"41.852184, -74.107250"
"1,372",12838,530,"43.328764, -73.401454"
"1,373",14841,529,"42.517515, -76.852181"
"1,373",12147,529,"42.518611, -74.158840"
"1,374",14113,523,"42.656893, -78.345285"
"1,375",11042,522,"40.758295, -73.697102"
"1,376",12503,520,"42.030487, -73.574202"
"1,377",14462,519,"42.686022, -77.757656"
"1,378",12176,517,"42.382017, -73.980862"
"1,379",13776,514,"42.471141, -75.341246"
"1,380",11947,511,"40.947855, -72.575934"
"1,381",14717,505,"42.361647, -78.179701"
"1,382",13687,503,"44.467586, -74.798924"
"1,383",12952,493,"44.721405, -73.908926"
"1,384",12444,486,"42.266119, -74.278650"
"1,385",12791,485,"41.809139, -74.913540"
"1,386",14878,484,"42.447954, -76.941942"
"1,386",13313,484,"42.878248, -75.267671"
"1,387",12470,480,"42.293989, -74.037917"
"1,388",13659,479,"43.738005, -75.863380"
"1,389",12045,475,"42.478837, -73.797553"
"1,391",12823,472,"43.179961, -73.409117"
"1,392",13468,471,"42.848254, -74.851925"
"1,392",14824,471,"42.265778, -76.693080"
"1,392",12410,471,"42.088220, -74.449697"
"1,393",13621,469,"44.834567, -75.059261"
"1,394",14877,465,"42.059452, -77.684497"
"1,395",12448,464,"42.089536, -74.200347"
"1,396",12517,455,"42.144292, -73.503163"
"1,397",12766,452,"41.815208, -74.978854"
"1,398",13670,434,"44.128070, -75.067813"
"1,401",12852,428,"44.007172, -74.099920"
"1,402",10535,427,"41.335169, -73.793919"
"1,403",13437,423,"43.580307, -75.803859"
"1,405",12843,420,"43.565104, -73.972748"
"1,407",12760,416,"41.903930, -75.107835"
"1,408",13756,414,"42.020509, -75.104278"
"1,409",12743,413,"41.577183, -74.836643"
"1,409",12847,413,"44.000125, -74.563880"
"1,410",12969,410,"44.760907, -74.131480"
"1,411",12936,409,"44.264295, -73.400978"
"1,412",13136,407,"42.594572, -75.848430"
"1,414",13693,402,"43.985747, -76.246105"
"1,415",12063,400,"42.553220, -73.632347"
"1,416",12071,398,"42.575009, -74.413271"
"1,417",12108,395,"43.519619, -74.409206"
"1,418",12427,392,"42.134193, -74.136697"
"1,419",13312,391,"43.696622, -75.194994"
"1,420",12411,389,"41.878105, -74.038886"
"1,422",13786,384,"42.454631, -74.690493"
"1,424",12955,381,"44.798708, -73.951395"
"1,425",12064,380,"42.617772, -74.649399"
"1,426",12787,377,"41.795396, -74.845023"
"1,427",12017,376,"42.307012, -73.445561"
"1,428",12460,373,"42.409805, -74.162475"
"1,428",12943,373,"44.122759, -73.883514"
"1,428",13314,373,"42.825882, -75.324121"
"1,430",12482,369,"42.271396, -73.960047"
"1,431",12851,368,"43.846674, -74.059957"
"1,432",12454,363,"42.293523, -74.153428"
"1,433",13640,362,"44.326315, -75.991361"
"1,433",13638,362,"44.019032, -75.759378"
"1,434",14783,361,"42.092205, -78.888593"
"1,435",12513,354,"42.219307, -73.720481"
"1,436",13804,353,"42.220452, -75.359973"
"1,437",13777,352,"42.251796, -75.994246"
"1,438",13846,351,"42.363723, -75.054746"
"1,439",12164,347,"43.587980, -74.358726"
"1,440",12849,346,"43.441613, -73.300072"
"1,441",13861,343,"42.508540, -75.151092"
"1,442",13614,333,"44.532249, -75.693434"
"1,443",13633,332,"44.497430, -75.455993"
"1,443",14441,332,"42.685829, -76.957555"
"1,444",12749,331,"41.689959, -74.826713"
"1,445",12738,328,"41.654765, -74.560004"
"1,445",12808,328,"43.760148, -73.715618"
"1,446",14881,324,"42.405998, -76.351681"
"1,446",13418,324,"42.847748, -75.389226"
"1,446",13483,324,"43.406502, -75.835393"
"1,447",12819,323,"43.591932, -73.520776"
"1,448",12420,318,"41.671045, -74.383413"
"1,451",11962,309,"40.938156, -72.269650"
"1,452",12435,308,"41.730835, -74.513284"
"1,453",12422,307,"42.391829, -74.213288"
"1,459",12429,294,"41.815633, -73.974822"
"1,460",12770,293,"41.449597, -74.851422"
"1,461",13664,292,"44.584961, -75.648193"
"1,463",12439,290,"42.295070, -74.213326"
"1,464",14060,289,"42.450155, -78.296467"
"1,467",13639,286,"44.278730, -75.119383"
"1,469",12416,281,"42.102658, -74.282783"
"1,470",14475,280,"42.937819, -77.498297"
"1,471",12424,276,"42.244523, -74.150286"
"1,472",12421,274,"42.303606, -74.526124"
"1,473",12786,271,"41.638630, -74.857203"
"1,474",14736,270,"42.140503, -79.746885"
"1,475",12844,269,"43.489063, -73.621362"
"1,477",11970,264,"40.940660, -72.573108"
"1,479",12927,262,"44.256298, -74.868945"
"1,480",12886,258,"43.648782, -73.909241"
"1,481",10975,257,"41.267079, -74.172263"
"1,482",12724,256,"41.858901, -74.943035"
"1,483",13834,253,"42.543366, -74.958799"
"1,484",12471,252,"41.848432, -74.036220"
"1,485",12752,251,"41.676704, -74.991679"
"1,487",12855,242,"44.027010, -73.758053"
"1,489",14884,240,"42.479522, -77.893852"
"1,490",12507,236,"42.008365, -73.918926"
"1,491",12493,233,"41.785589, -73.974095"
"1,493",13675,227,"44.281718, -75.846286"
"1,494",12036,224,"42.541514, -74.673053"
"1,495",14708,223,"42.019219, -78.063617"
"1,495",11975,223,"40.941107, -72.244466"
"1,496",12169,222,"42.592887, -73.448036"
"1,497",10519,220,"41.342055, -73.661095"
"1,498",14874,216,"42.531888, -77.178619"
"1,500",12961,212,"44.061814, -73.581572"
"1,500",11956,212,"40.976187, -72.466401"
"1,502",12492,210,"42.216366, -74.355275"
"1,505",14415,205,"42.753296, -77.023266"
"1,505",12792,205,"41.525311, -74.938845"
"1,506",13342,202,"42.648851, -75.178643"
"1,508",12987,198,"44.327908, -73.846253"
"1,508",11430,198,"40.650916, -73.788526"
"1,509",12459,196,"42.234184, -74.693522"
"1,509",12042,196,"42.425570, -73.920464"
"1,510",13774,192,"41.953908, -75.193403"
"1,511",12165,191,"42.308282, -73.499864"
"1,512",10985,189,"41.583519, -74.373188"
"1,512",13859,189,"42.372486, -75.245254"
"1,513",12964,186,"44.148266, -73.663999"
"1,516",6390,183,"41.277367, -71.952693"
"1,517",12495,182,"42.086489, -74.248476"
"1,517",12031,182,"42.767245, -74.446885"
"1,518",14545,180,"42.662130, -77.699536"
"1,519",12741,175,"41.830767, -75.088311"
"1,521",10503,173,"41.025560, -73.874987"
"1,525",13360,163,"43.737593, -74.741983"
"1,529",12139,156,"43.500184, -74.579588"
"1,531",12450,154,"42.170691, -74.229327"
"1,532",12874,153,"43.690560, -73.549746"
"1,540",12856,137,"43.710422, -74.166016"
"1,540",12407,137,"42.323508, -74.333035"
"1,543",12725,130,"41.983131, -74.569700"
"1,545",12115,127,"42.477297, -73.576704"
"1,547",13436,123,"43.723006, -74.642094"
"1,548",12194,121,"42.539253, -74.457529"
"1,549",13331,120,"43.866325, -74.880855"
"1,551",14134,115,"42.534609, -78.521861"
"1,553",12720,113,"41.663925, -74.918974"
"1,553",12858,113,"43.908933, -73.675780"
"1,557",13301,108,"43.422141, -75.223686"
"1,558",13341,107,"43.036698, -75.397188"
"1,558",12841,107,"43.639940, -73.507678"
"1,560",14721,105,"42.000558, -78.251649"
"1,561",12812,104,"43.875794, -74.389767"
"1,564",14585,95,"42.889753, -77.546889"
"1,565",13124,94,"42.661074, -75.823604"
"1,566",14039,92,"42.831525, -78.177221"
"1,567",12742,90,"41.724328, -74.723518"
"1,570",12131,85,"42.491723, -74.471816"
"1,582",12736,58,"41.835405, -75.031535"
"1,583",11770,57,"40.644757, -73.160803"
"1,586",12784,46,"41.667446, -74.611602"
"1,589",13450,42,"42.699265, -74.813133"
"1,590",13062,40,"42.486498, -76.380690"
"1,591",12922,39,"44.258049, -74.781866"
"1,594",13333,34,"42.836735, -74.805803"
"1,598",12911,25,"44.535049, -73.468852"
"1,601",13475,16,"42.866228, -74.853412"
"1,604",13353,10,"43.447326, -74.694618"
