station	zipcode	lat	long	population	avg_household_income	jan_entry	jan_exit	feb_entry	feb_exit	mar_entry	mar_exit	 apr_entry	apr_exit	 may_entry	may_exit	jun_entry	jun_exit	jul_entry	jul_exit	aug_entry	aug_exit	sep_entry	sep_exit	oct_entry	oct_exit	 nov_entry	nov_exit	dec_entry	dec_exit
57 st	10019	40.763972	-73.97745	43,703	55869	1663146115	1293635502	18551046	7888047	18624818	7906650	18678978	7914778	18750016	7928465	18840846	7947347	18903617	7956820	1562673500	1293645576	1562698961	1293677603	1562721481	1293718038	1562776138	1293766057	1562813955	1293793302
49 st	10019	40.759901	-73.984139	43,703	55869	14524235	51512537	14578514	51550622	14649122	51596294	14711056	51602869	14768010	37207076	14840442	37382082	14896869	37530045	14961210	37723671	15006865	37871635	15057317	38001992	15120657	38183115	15179573	38332526
times sq	10018	40.754672	-73.986754	9,687	48705	1892108089	1428127248	1892051048	1428157302	1891990605	1428196760	1891912148	1428231752	1891845221	1428264379	1891778782	1428306232	1891697011	1428340687	1891635388	1428381349	1891557913	1428411021	1891490536	1428453578	1891418150	1428519736	1891325672	1428574727
34 st	10018	40.749567	-73.98795	9,687	48705	1569263174	2048102556	1569298462	2048164618	1569344967	2048251086	1569385972	2048328225	1569427626	2048393773	1569478089	2048474702	1569513693	2048550878	1569553529	2048654992	1569589423	2048736517	1569625634	2048803301	1569676817	2048881888	1569715592	2048945847
28 st	10010	40.745494	-73.988691	33,730	62467	1427999703	1880687827	1428017335	1880706252	1428035637	1880724469	1174469693	1392586199	1174470412	1392594815	1174471376	1392605422	1174472032	1392613621	1174473045	1392622803	1174473710	1392631043	1174474528	1392638810	1174475329	1392647456	1174475919	1392654054
23 st	10010	40.741303	-73.989344	33,730	62467	1999160761	1931529833	1999235595	1931549695	1999331544	1931579576	1999393758	1931601154	1999468664	1931626513	1999543295	1931657220	1999595164	1931680810	1999667471	1931711969	1999745527	1931737429	1999824417	1931764634	1999916336	1931799262	1999980135	1931827555
14 st	10011	40.740893	-74.00169	50,472	61986	2129551966	1511069838	2129506445	1511037622	2129458754	1510999918	2129395010	1510951844	2129342740	1510912743	2129289036	1510873051	2129224376	1510826855	2129176980	1510792046	2129120500	1510752795	2129064671	1510716020	2129009716	1510675562	2128947320	1510627720
prince st	10012	40.724329	-73.997702	23,411	58313	13547592	11613936	13582456	11613093	13616611	11619686	13762568	11935891	13800016	11944745	13848499	11948010	13876989	11952560	13923360	11951212	13957010	11948057	13986404	11962017	14034768	11958435	14065015	11960464
canal st	10013	40.719527	-74.001775	28,709	38304	1949543085	2030936871	1949564347	2030962091	1724225235	2030993839	1724104082	2031015948	1724031711	2031041326	1723932877	2031074051	1723802398	2031100031	1723706199	2031133339	1723579426	2031163990	1723478308	2031191719	1723378310	2031222635	1723259040	2031245778
city hall	10007	40.713282	-74.006978	7,023	112947	184700407	17050636	184932271	17205965	184945204	17211595	184961898	17221585	184966628	17212507	184965167	17193763	184956723	17167995	184955565	17149278	184946280	17121780	184943856	17104647	184945431	17086614	184938250	17088036
cortlandt st	10006	40.710668	-74.011029	3,454	81334	1058666525	871570855	1058666476	871576775	1058666437	871585226	1058666368	871591744	1058666307	871597897	1058666250	871605709	1058666180	871611615	1058666140	871618623	1058666078	871623765	1058666026	871629306	1058665997	871636207	1058665973	871642143
rector st	10006	40.70722	-74.013342	3,454	81334	117674001	16840942	117693555	16841467	117698102	16840117	117702874	16842573	117707687	16843257	117715579	16843978	117720211	16840067	117727400	16845604	117732085	16839894	117736205	16839693	117743848	31273124	117745614	31322413
bowery	10012	40.72028	-73.993915	23,411	58313	2067725	2738781	2065723	2750144	2090689	2777345	2097879	2781867	2116140	2799909	2143773	2825854	2154035	2837969	2182680	2864345	2195957	2877968	2213720	2898166	2241852	2923112	2244965	2928030
chambers st	10038	40.713243	-74.003401	22,800	31316	2115716061	1800341730	2115745640	1800251018	2115780978	1800159612	2115808316	1800036478	2115837223	1799926534	2115868115	1799815802	2115889825	1799678855	2115914770	1799567940	2115942115	1799486361	2115968911	1712893347	2116000156	1712922551	2116021988	1712944644
fulton st	10007	40.710374	-74.007582	7,023	112947	1662208788	1762910806	1662226732	1762910793	1662251652	1762910783	1662268204	1762910775	1662289351	1762910768	1662315450	1762910767	1662337133	1762910767	1662364597	1762910765	1662387828	1762910759	1662412102	1762910755	1662440435	1762910753	1662459836	1762910746
broad st	10005	40.706476	-74.011056	8,831	79517	552625973	1897280169	6206928	5457833	6250234	5485463	6284484	5524629	6321075	5553463	6367632	5585965	6401265	5624520	6443565	5656735	6474173	5696623	6511121	5728456	6556671	5762607	6581328	5802940
7 av	11217	40.67705	-73.972367	41,407	49567	1834966607	772944559	1835003313	772957052	1835056104	772977130	1835263792	773055087	12541486	14099327	12612713	14175594	12615945	14196847	12630249	14230954	12626964	14247809	12634881	14292082	12642211	14344328	12635098	14384820
botanic garden	11225	40.670343	-73.959245	58,882	30192	5328751	1977259	5334825	1981060	5324043	1959934	5301956	1925335	5289111	1898489	5273591	1868803	5273888	1829532	5280629	1802292	5397331	2029413	5390836	2014196	5377186	1986962	5355338	1952354
prospect park	11225	40.661614	-73.962246	58,882	30192	1568549495	1568510510	1568587720	1568549538	1568637514	1568587770	1568681272	1568637660	1568726788	1568681396	1568779011	1568726919	1568820366	1568779198	1568871390	1568820551	1568912021	1568871534	1568953178	1568912192	1568997185	1568953296	1569031284	1568997225
parkside av	11225	40.655292	-73.961495	58,882	30192	4958548	7769912	4977737	7800264	5017230	7851275	5028387	7883511	5042321	7921107	5073431	7974302	5087603	8003067	5125204	8052746	5143179	8084876	5162205	8121154	5184385	8151138	5204383	8181187
church av	11226	40.650527	-73.962982	100,277	29498	855995993	1577500019	856015656	1577518456	856042493	1577547124	856064114	1577574888	856086636	1577604425	856111105	1577639020	856127756	1577657625	856148462	1577681753	856166784	1577701119	856184122	1577719443	856209054	1577746011	856228866	1577765655
cortelyou rd	11226	40.640927	-73.963891	100,277	29498	5695525	2581949	5686472	2567786	5694562	2559302	5669818	2539606	5662088	2528274	5668495	2518947	5645439	2500735	5648891	2493988	5632626	2478189	5621618	2464289	5614084	2452526	5596586	2434704
newkirk plaza	11226	40.635082	-73.962793	100,277	29498	16923885	16870290	16963596	16915543	17002415	16916140	17021366	16930280	17053085	16946175	17097607	16961193	17113522	16981515	17154839	16997209	17176646	17011068	17207310	17024850	17236145	17040047	17252916	17053009
avenue h	11230	40.62927	-73.961639	89,075	32327	117440627	755678	117440631	643834	117440636	658979	117440637	678849	117440643	693013	117440645	706966	117440645	724096	117440646	738554	117440648	758069	117440649	778016	117440649	794726	117440652	811759
avenue j	11230	40.625039	-73.960803	89,075	32327	9895104	9238641	9913348	9251643	9913787	9264478	9294369	9281807	9307840	9294407	9326027	9307892	9337292	9326070	9353020	9337342	9367227	9353033	9380964	9367239	9398109	9380971	9413806	9398105
avenue m	11230	40.617618	-73.959399	89,075	32327	100662820	1449711	100662816	1464454	100662808	1484263	100662803	1499245	100662800	1514302	100662794	1534423	100662785	1548752	100662781	1567614	100662779	1585205	100662770	1600324	100662768	1619317	100662768	1635263
kings hwy	11229	40.60867	-73.957734	83,615	37812	755543305	763625305	755579420	763625305	755629162	763625296	755669727	763625291	755708780	763625287	755760530	763625284	755797771	763625283	755842688	763625280	755885653	763625277	755926353	763625271	755974987	763625270	756011537	763625260
avenue u	11229	40.5993	-73.955929	83,615	37812	134288147	16777277	134294715	16777277	134303673	16777278	134311288	16777280	134319865	16777281	134329536	16777283	1325342719	687875448	1325342663	687882427	1325341810	687888616	1325341011	687894676	1325340320	687902131	1325339470	687907496
neck rd	11229	40.595246	-73.955161	83,615	37812	100662776	16875245	100662776	16879047	100662774	16883373	100662774	16888529	100662774	16893315	100662774	16898897	100662774	16903452	100662774	16906904	100662774	789484	100662774	793475	100663184	798138	100662767	801651
sheepshead bay	11235	40.586896	-73.954155	78,128	31013	12709295	17768603	12741239	17812364	12976137	18259396	13021473	18316357	13068385	18375369	13127546	18444898	13138205	18488037	13162431	18546795	13261779	18621541	13291054	18673566	13312249	18726017	13316825	18767274
brighton beach	11235	40.577621	-73.961376	78,128	31013	14477771	12887280	14509545	12904508	14569478	12924976	15257876	13279065	15320267	13310594	15390882	13341505	15468807	13398387	15538278	13434454	15605532	13477545	15679916	13523082	15758819	13558386	15800616	13588733
ocean pkwy	11224	40.576312	-73.968501	46,707	21281	5898538	5897476	5898540	5897476	5898547	5898262	5898550	5897473	5898554	5897473	5898555	5897472	5898556	5897472	5898556	5897472	5898556	5897471	5898556	5897471	5898556	5897471	5898556	5897471
borough hall	11201	40.693219	-73.989998	62,823	56293	101077948	14408035	101084743	14456334	101093680	14519327	101101643	14569598	101110708	14620663	101122429	14675831	101130939	14718634	101140497	14767276	101148463	14768064	101157224	6616544	101168008	6668476	101175903	6709438
dekalb av	11201	40.690635	-73.981824	62,823	56293	1927429385	1141375007	1927384873	1141399929	1927347120	1141434496	1927298981	1141463566	1927252776	1141491152	1927214068	1141524090	2000093066	1850344989	2000091719	2000091722	2000045251	2000045254	2000005244	2000005247	1999967254	1999967257	1999923401	1999923404
atl av	11217	40.683666	-73.97881	41,407	49567	654312700	134263112	654312649	134263112	654312019	134263112	654312802	134263112	654312782	134263112	654312735	134263112	654312867	134263112	654312885	134263112	654312211	134263112	654312979	134263112	654312254	134263112	654312767	134263112
union st	11217	40.677316	-73.98311	41,407	49567	10569438	12397131	10603359	12433872	10649114	12486255	10675867	12518278	10715051	12545087	10766125	12587378	10794774	12620385	10842485	12667435	10872936	12703788	10907107	12743784	10953473	12793395	10985206	12827772
prospect av	11215	40.665414	-73.992872	70,156	53313	12776186	12746551	12796069	12756344	12850290	12813007	12864469	12844641	12869488	12864490	12879835	12883832	12872667	12908751	12885029	12928297	12896963	12956356	12936601	12980113	13008079	13005665	13055397	13036923
25 st	11232	40.660397	-73.998091	27,602	28395	10262494	7536975	10302899	7551742	10353767	7573411	10395402	7584147	10439267	7593730	10492333	7612957	10528155	7629345	10578346	7654608	10616473	7673529	10657361	7693752	10710892	7718087	10749248	7733037
36 st	11232	40.655144	-74.003549	27,602	28395	100954502	6729369	100968965	6802864	100988193	6896702	101012849	7032153	101026194	7116905	100745840	7220867	100757085	7290177	100772849	7387755	100784315	7464677	100796903	7548497	100811075	7647133	100821005	7717700
45 st	11232	40.648939	-74.010006	27,602	28395	3647017	6981711	3642598	7017803	3645908	7070894	3626707	7106680	3620592	7146574	3635799	7202069	3666865	7235166	3724760	7277482	3763427	7307791	3807471	7344965	3869038	7383462	3894651	7406692
53 st	11220	40.645069	-74.014034	95,643	30152	100617628	134058032	100646229	134042810	100685939	134032494	100714254	134004392	100743752	134001219	100781727	134010874	100807224	134008107	100839308	134012934	100866856	134013720	100894863	134017014	100930469	134024412	100956242	134021166
bay ridge av	11220	40.634967	-74.023377	95,643	30152	7889150	4741083	7906064	4756088	7929966	4778859	7948315	4780917	7968074	4786045	7990614	4792819	8006248	4794107	8026644	4800148	8069024	4967837	8088719	4975116	8110938	4982989	8127485	4988244
77 st	11209	40.629742	-74.02551	67,809	44518	140177388	24512872	140232069	24539228	140301609	24583817	140356069	24605938	140416783	24637750	140492001	24683232	140535090	24701694	140603001	24748279	140660553	24777393	140722080	24808935	140795612	24853230	140842929	24874084
86 st	11209	40.622687	-74.028398	67,809	44518	908472450	1876194750	973007855	1876174733	972946463	1876155123	972830677	1876128843	972730116	1876104598	972624585	1876080761	972501886	1876052240	908704932	1876031180	908734501	1876005321	908764038	1875981575	908799519	1875957162	908826296	1875925945
8 av	11220	40.635064	-74.011719	95,643	30152	56646642	19753319	56722558	19773818	56802127	19799808	56879066	19830502	56946973	19856583	57016715	19884082	54392219	12863602	54479072	12926186	54529917	12977502	54579799	13030083	54633908	13098079	54699554	13150794
new utrecht av	11219	40.624842	-73.996353	90,036	26648	2386174	2687698	2409911	2691822	2439627	2697270	2468271	2703260	2491215	2707604	2521336	2711287	5508856	10704450	5525661	10714327	5534937	10720916	5543802	10728369	5555538	10736305	5566012	10742976
18 av	11214	40.607954	-74.001736	92,946	33765	1675034621	806879313	1675034621	806879314	1675034621	806879314	1675034621	806879315	1946543367	1358550406	1946558875	1358548772	1946574699	1358534005	1946596315	1358515830	1946616770	1358490132	1946636608	1358466245	1946662436	1358439727	1946684574	1358411550
20 av	11214	40.604556	-73.998168	92,946	33765	6805975	6655674	6804854	6697303	6811475	6737265	6794679	6793634	6798104	6839370	7737247	7223915	7733728	6662033	7751901	6674418	7761584	6685437	7766103	6689657	7784289	6699791	7784203	6693526
bay pkwy	11214	40.601875	-73.993728	92,946	33765	775625569	1698296166	775571239	1698312484	775517814	1698333547	775445870	1698352450	775389525	1698368396	775336401	1698389917	775271712	1698397485	775248408	1698408170	875479766	1698414922	875473469	1556066894	875451660	1556065688	875420046	1556064279
9 av	11219	40.646292	-73.994324	90,036	26648	10966313	10995940	10997808	11001160	11041226	11008011	11073074	11013100	11108803	11019170	11150345	11026530	11188207	11032381	11230590	11039496	11267031	11046259	11302912	11052197	11347796	11059825	11381093	11065857
50 st	11219	40.63626	-73.994791	90,036	26648	13381263	26231544	13445265	26315400	13525190	26415591	13584490	26506250	335129509	335116107	335200991	335164737	335254341	335203305	335325569	335250106	335379204	335288030	335438726	335333734	335510309	335388059	335570165	335428854
55 st	11219	40.631435	-73.995476	90,036	26648	4720652	4983329	4727533	4998623	4741291	5013914	4741275	5034949	4748942	5049291	4758501	5065043	4759335	5083974	4771011	5096497	4778290	5111779	4781511	5127014	4798528	5139788	4801335	5159573
71 st	11219	40.619589	-73.998864	90,036	26648	8422608	7861773	8419778	7891689	8429824	7923046	8415824	7963949	8417111	7992041	8419884	8024398	8410128	8060946	8418499	8089549	8409763	8126018	8408238	8157273	8416318	8188180	8405591	8225684
79 st	11228	40.613501	-74.00061	44,994	44932	67001208	117141780	66977590	117147329	66952732	117154615	66918144	117157464	66905285	117163482	66895360	117170907	66880855	117175584	66875793	117183383	66867396	117188046	66851459	117192233	66835566	117201969	66804047	117207923
25 av	11214	40.597704	-73.986829	92,946	33765	2883782	2952248	2902176	2980254	2935389	3009375	2939516	3049851	2963493	3078865	2991834	3113802	3002571	3151898	3028742	3181563	3040342	3220095	3055930	3254275	3086672	3287861	3094646	3330600
bay 50 st	11224	40.588841	-73.983765	46,707	21281	6629628	7337593	6642032	7361547	6663334	7386597	6668202	7419737	6684065	7443442	6704247	7470701	6713295	7504344	6733216	7530939	6745357	7564345	6756226	7592078	6775126	7617263	6781456	7649972
6 av	10011	40.737335	-73.996786	50,472	61986	1209989583	1200589812	1209923703	1200585498	1209855735	1200580928	1209768713	1200575535	1209697439	1200570793	1209632511	1200566655	1209557212	1200562305	1209499522	1200558763	1209427683	1200554194	1209366968	1200549970	1209304581	1200545651	1209230295	1200540048
3 av	10003	40.732849	-73.986122	54,682	60891	1943132723	1476717068	1943076581	1476752113	1943014820	1476795634	1942935361	1476828980	1942868112	1476862610	1942800455	1476890881	1928981298	1057027137	1928955710	1057077376	881828097	1057121430	881891558	1057167691	881971831	1057225203	882030924	1057267810
1 av	10009	40.730953	-73.981628	57,925	40176	1629348345	998063568	1629650895	998624526	955278273	998667482	955239544	998698713	955206577	998728953	955210404	998764698	955260436	998785428	955323601	998817509	955373399	998841690	955410942	998862200	955727437	998953146	370817118	387989612
bedford av	11211	40.717304	-73.956872	102,624	23567	23621106	29601220	23619520	29649307	23669158	29673244	24442228	29953365	24535601	29962654	24620550	29947196	24671710	29917826	24858655	29997340	24938842	30005920	24997315	30010279	25071289	30014988	25109942	30016608
lorimer st	11206	40.703869	-73.947408	88,349	18661	8639996	1924073	8679006	1933966	8729957	1948738	8779713	1953174	8827802	1965369	8885969	1980946	8930322	1989758	8989512	2005583	9034838	2016069	9086127	2025966	9146539	2040282	9184882	2046450
graham av	11211	40.714565	-73.944053	102,624	23567	13899723	11178406	13940855	11190914	14010405	11221092	14073238	11239889	14132479	11254943	14203941	11281433	14251709	11289629	14314005	11312408	14368202	11327650	14422565	11344722	14497335	11374347	14549657	11382370
grand st	11206	40.711926	-73.94067	88,349	18661	238403840	1407164743	238468688	1407120881	238539181	1407080036	238635089	1407027481	238712173	1406978669	238795293	1406926046	238749956	1406835139	238775829	1406783925	239051706	1406771063	239056697	1406666044	239051208	1406602462	239016759	1406535326
montrose av	11206	40.707739	-73.93985	88,349	18661	134647218	7078723	134655778	7104872	134689320	7150861	134711566	7196054	134726598	7228529	134759436	7272459	134760356	7296261	134785442	7334427	134799073	7362967	134815114	7390450	134852968	7435924	134859409	7459763
morgan av	11206	40.706152	-73.933147	88,349	18661	2297892	805235	2278681	788472	2506575	979134	2522174	1000844	2522824	1015344	2530534	1034287	2527896	1045351	2629136	1101283	2631824	1116146	2634714	1129519	2640921	1150680	2639160	1161397
jefferson st	11237	40.706607	-73.922913	49,310	23104	8530131	7094210	8341056	7068290	8376506	7106207	8415298	7156572	8452739	7206317	8506345	7253471	8534547	7311346	8669249	7507157	8689031	7560689	7369364	7606942	7407485	7648759	7426699	7704691
halsey st	11233	40.68637	-73.916559	76,819	22754	73398830	34468665	73401119	34476189	73406398	34487797	73408971	34495691	73411948	34503079	73417171	34514297	73417634	34520468	73422705	34529361	73425663	34536831	73427865	34543885	73433888	34553016	73432722	34560146
wilson av	11385	40.688764	-73.904046	106,717	64481	7499640	6052117	7538344	6074630	7589304	6104108	7640892	6134106	7689092	6164333	7748972	6201114	7792453	6227182	7843350	6257484	7890568	6285368	7934123	6311699	7992893	6345061	8037001	6372201
sutter av	11207	40.669367	-73.901975	91,972	24163	8601020	8601451	8602933	8601774	8611551	8606804	8608457	8602608	8609748	8601702	8616239	8604921	8606356	8592521	8612907	8594258	8617029	8593607	8619456	8591910	8626239	8593294	8623084	8583375
livonia av	11207	40.664038	-73.900571	91,972	24163	6023980	3284865	6043713	3293292	6072095	3303620	6089946	3310764	6111964	3319580	6142125	3328989	6156910	3333477	6183196	3341805	6543713	3542644	6572930	2034043	6600703	2038315	6616452	2031627
marcy av	11211	40.708359	-73.957757	102,624	23567	117440907	7783472	117440910	7837943	117440923	7917926	117440938	8026681	117440947	8076197	117440961	8128018	117440974	8192739	117440983	8240150	117440988	8297476	117440994	8352093	117441009	8404590	117441010	8467554
hewes st	11211	40.70687	-73.953431	102,624	23567	7879976	7858487	7906916	7878564	7943576	7904104	7970602	7939480	7998614	7967074	8033104	7994538	8057291	8027805	8089121	8052535	8116415	8083438	8143408	8110810	8177380	8137993	8199926	8170563
flushing av	11206	40.70026	-73.941126	88,349	18661	16239033	16198313	16294439	16239147	16370624	16294767	16419970	16370766	16476389	16422814	16544110	16482944	16593228	16555165	16664827	16610381	16724854	16686843	16815049	16752814	16880573	16815239	16932305	16880774
myrtle av	11206	40.697207	-73.935657	88,349	18661	13306559	21914618	13312626	21949398	13339793	22005306	13322197	22018257	13326582	22057504	13343808	22113087	13321758	22131421	13346114	22193792	13334535	22215845	13333036	22249971	13349427	22306401	13315142	22379014
kosciuszko st	11221	40.693342	-73.928814	83,835	22305	7093743	3687753	7108325	3687426	7137309	3690086	7137737	3686366	7149258	3685611	7172961	3687596	7174744	3698681	7201321	3738573	7210639	3788467	7225761	3830110	7251816	3871066	7250453	3919893
gates av	11221	40.68963	-73.92227	83,835	22305	3199349	3893238	3223290	3936895	3266359	3981543	3266400	4042176	3288159	4085770	3322634	4133743	3322814	4191640	3360978	4235683	3369802	4292309	3386912	4340713	5597559	5501179	5638131	5582886
chauncey st	11233	40.682893	-73.910456	76,819	22754	5551855	2117826	5551598	2117631	5553762	2119162	5534784	2113658	5530893	2112844	5530337	2114160	5512346	2109442	5512620	2111117	6003336	2265726	6026325	2269384	6039962	2260419	6039723	2243122
alabama av	11207	40.676992	-73.898654	91,972	24163	4961865	6010165	4977139	6032906	5000957	6065328	5013958	6083453	5030505	6105075	5052056	6137546	5064382	6158674	5087774	6187924	5105186	6207615	5124393	6230910	5151297	6266176	5162359	6284948
van siclen av	11207	40.678024	-73.891688	91,972	24163	6508416	8146226	6517428	8186807	6537470	8240182	6545020	8279562	6556085	8320208	6573694	8372430	6583560	8407630	6601871	8459720	6611664	8500224	6625175	8543176	6645515	8595140	6653506	8632265
cleveland st	11207	40.679947	-73.884639	91,972	24163	626662	289835	619911	311332	622035	348253	601776	361054	593593	380060	593809	412118	577721	425908	577309	453286	568504	468756	565363	490636	569645	526987	548538	537864
norwood av	11208	40.68141	-73.880039	98,660	27078	4513155	6833910	4516146	6847648	4527876	6874570	4522052	6881321	4521714	6906938	4529837	6941827	4526667	6963715	4535258	6994950	4533458	7017199	4537345	7043552	4547370	7081636	4539132	7101647
crescent st	11208	40.683194	-73.873785	98,660	27078	10788417	7235124	10819327	7237487	10862475	7235745	10882859	7212452	10906548	7200787	10943149	7200273	10962879	7179908	10997921	7177370	11019826	7162445	11048104	7155257	11091522	7157468	11104192	7136951
cypress hills	11421	40.689941	-73.87255	41,002	69053	4190504	2287474	4192709	2284740	4201541	2284621	4202608	2279218	4207776	2275780	4216462	2274587	4219339	2269774	4227295	2268032	4232490	2263056	4239534	2259475	4249941	2257436	4250589	2249465
75 st	11421	40.691324	-73.867139	41,002	69053	5764345	4256122	5758057	4254233	5760927	4259414	5749200	4256546	5743307	4258713	5742151	4255103	5729938	4234490	5726826	4224923	5717206	4217647	5712178	4215030	5712479	4216454	5697533	4208200
woodhaven blvd	11421	40.693879	-73.851576	41,002	69053	33554682	11439821	33554682	11467721	33554682	11506461	33554682	11536081	33554683	11566950	33554683	11600649	33554686	11629641	33554689	11664142	33554699	11693654	33554703	11731146	33554682	11771524	33526100	11804919
104 st	11418	40.695178	-73.84433	38,517	67003	2025790617	1907436714	2025768260	1907421348	2025743306	1907404147	2025709837	1907382074	2025683231	1907365290	2025657577	1907347981	2025626734	1907328274	2025604646	1907314213	2025575901	1907295258	2025849343	1907468409	1681105769	978340971	1681084635	978333473
111 st	11418	40.697418	-73.836345	38,517	67003	50331788	16776866	50331789	50331438	50331793	50331438	50331797	50331439	50331797	50331442	50331799	50331442	50331802	16776861	50331804	16776861	50331827	16776861	50331849	16776861	50331857	16776942	50331858	16776932
121 st	11418	40.700492	-73.828294	38,517	67003	1945403799	519864387	1945396276	519861074	1945732721	520146746	1945735501	520155440	1945729862	520159192	1945724627	520165787	1945716756	520169827	1945711921	520176305	1945704461	520178308	1945699377	520182175	1945695325	520187929	1945686554	520187483
central av	11221	40.697857	-73.927397	83,835	22305	1878055	3092826	1882390	3104648	1894247	3126665	1892718	3128064	1900559	3143174	1910498	3161954	1910319	3168467	1915341	3188944	1913313	3202453	1919230	3217554	1928725	3236733	1928780	3246018
fresh pond rd	11385	40.706186	-73.895877	106,717	64481	14166054	5643454	14176699	5662557	14192709	5689494	14193090	5700681	14203809	5721796	14220680	5749477	14220893	5762689	14238467	5790781	14244850	5808561	14255132	5828845	14269377	5856823	14267804	5870842
metropolitan av	11211	40.712792	-73.951418	102,624	23567	150994990	16225269	150994994	16213840	150995047	16200191	150994999	16181170	150995003	16166798	150995009	16150553	150995016	16133635	17178513	16121754	17254164	16106170	150995027	16092785	150995027	16079290	150995027	16063326
dyckman st	10034	40.865491	-73.927271	42,910	29479	12682795	10765811	12724746	10829282	12781231	10894098	12827327	10981115	12876909	11053017	12940373	11129959	12986327	11225128	13043229	11295740	13093030	11384052	13140703	11460083	13197561	11533292	13241204	11621776
190 st	10040	40.859022	-73.93418	44,571	27905	1438502968	1844243477	1438430190	1844218477	1438353808	1844192204	1438252874	1844157616	1438170542	1844128740	1438081689	1844098197	1437975260	1844061183	1437895473	1844033879	1437789346	1843989584	1437696147	1843948887	1437607578	1843909456	1437499312	1843862599
181 st	10033	40.851695	-73.937969	59,607	31348	15065036	18906336	15078247	18912616	15105715	18938846	15099674	18916427	15107962	18917495	15122504	18926107	15121919	18912379	15965696	20396841	15963950	20448027	15952641	20495549	15948989	20571768	15911714	20608504
175 st	10033	40.847391	-73.939704	59,607	31348	218302158	285485170	218307791	285492154	218315120	285500965	218321110	285508346	218327243	285516238	218335224	285525677	218341175	285533200	218350624	285542813	218357050	285550489	218363436	285558339	218371260	285567749	218377300	285574889
168 st	10032	40.840719	-73.939561	64,264	26237	52911869	22272553	52958515	22277136	53018636	22282883	53065191	22287081	53106420	22290871	53159951	22295345	53199920	22298164	53249239	22298164	53293197	5241437	53337783	5287110	53392650	5341011	53429206	22304788
155 st	10039	40.830518	-73.941514	27,726	17370	7466041	6419237	7482091	6435169	7503511	6457563	7518008	6472042	7536581	6487915	7560965	6510395	7574028	6524680	7597812	6547832	7615539	6564156	7635987	6581414	7661599	6602675	7676797	6617455
145 st	10031	40.824783	-73.944216	60,254	24285	655179029	1444643135	655181371	1444678966	655186765	1444726794	655183337	1444762630	655182833	1444797182	655184180	1444841681	655185001	1444873709	655190770	1444911449	655191936	1444943749	655192777	1444980352	655196796	1445029730	655193529	1445064089
135 st	10030	40.817894	-73.947649	29,882	17970	117440772	117440779	117440774	117440779	117440777	117440781	117440780	117440784	117440781	117440787	117440783	117440788	117440784	16826137	117440787	117440791	117440793	117440794	117440798	117440800	117440806	117440805	117440806	117440813
125 st	10027	40.811109	-73.952343	64,548	23150	1691570613	789329720	1691524664	789344858	1691473488	789364955	1691404271	822117363	1691345922	822144263	1691287822	822178878	1862363970	1409370435	1862417617	1409419547	1862464358	1409468759	1862510768	1409514518	1862568867	1409567023	1862613176	1409607577
116 st	10026	40.805085	-73.954882	39,363	22491	1276366709	1625694106	1159662285	235390481	1159719885	235403267	1159729475	235414209	1159811787	587259061	1159853465	235433263	1159885914	235441322	1159921368	235447183	1159926059	235407519	1160024315	235472734	1160086505	235486084	1160111328	235484810
cathedral pkwy	10025	40.803967	-73.966847	92,805	49733	67341442	134357960	67414130	134407486	67447073	134425045	67436430	134434454	67420334	134442503	67455471	134453547	67595262	134489995	67633508	134505900	67605700	134516425	67579491	134524921	67565076	134536194	67582184	134541988
103 st	10025	40.796092	-73.961454	92,805	49733	36156859	505279229	36190389	505314349	2096605665	1710821631	2096542313	1710776864	36310787	505435107	36362121	505484970	36992382	505935662	25570961	43967771	25531218	43961503	25482202	43969679	25453037	43990875	25793808	44262797
96 st	10025	40.791642	-73.964696	92,805	49733	644368054	18789122	644476886	18946444	644618307	19150475	644730653	19314224	644843079	19479380	644980048	19716890	645037938	19893564	645164107	20090752	645275745	20246393	645392963	20403297	645536423	20611737	645642387	20770865
72 st	10023	40.775594	-73.97641	62,435	72424	1513678653	1922620773	1513748523	1922514811	1513845591	1922399080	1513905875	1922243847	1513961135	1922126895	1514012556	1922011747	1514081968	1921898248	1514083866	1921806073	689958463	1759544754	689913525	1759589264	689864482	1759644665	689804964	1759686239
59 st columbus	10022	40.76266	-73.967258	31,125	80406	1397073584	1222568100	1397158608	1222582031	1397271469	1222599054	1397362897	1222615318	1397453728	1222630779	1397549028	1222650792	1397623962	1222665923	1397726894	1222683681	1397816985	1222699951	1397910151	1222718499	1398020047	1222741129	1398101386	1222758395
42 st	10036	40.757308	-73.989735	27,428	41002	2033276512	1830053571	2033322496	1830079985	2033384332	1830112593	2033434374	1830139860	2033484093	1830166813	2033544944	1830199412	2033593342	1830226153	2033655150	1830259182	2033703496	1830284815	2033756136	1830310767	2033817583	1830342284	2033864221	1830366246
w 4 st	10014	40.732338	-74.000495	30,738	66601	117243375	23856640	117243321	24059023	117243279	24322381	117243208	24539129	117243123	24764349	117243081	25037160	117243063	25242252	117243037	25508052	117243018	25734668	117242986	25969330	117242936	26241660	22236892	26449044
spring st	10012	40.726227	-74.003739	23,411	58313	341044575	85081864	341136998	85100273	341246204	85122883	341340218	85143352	341442622	85164253	341564947	85192118	341658313	85215030	341778433	85241927	341868421	85261466	341970407	85285012	342092398	85312343	342178519	85329448
high st	11201	40.699337	-73.990531	62,823	56293	1914617766	1905609193	1914679198	1905556200	1914750476	1905496774	1914764255	1905302034	1914788151	1905097048	1914839635	1904900599	1914847236	1904658750	1914892974	1904530592	1914900630	1904401356	1914928533	1904303160	1914971636	1904209674	1914977096	1904103630
lafayette av	11217	40.686113	-73.973946	41,407	49567	8467703	1847998	8494495	1849107	8534292	1849163	8563435	1849805	8597382	1849919	8635742	1850404	8659717	1850778	1962445407	318289680	1962418363	318288849	1962381579	318288114	1962342502	318287910	1962293646	318285133
franklin av	11216	40.680596	-73.955827	56,308	25135	305231414	2062478392	305294677	2062461980	305395572	2062444404	305486872	2062419990	305568194	2062401099	305667416	2062381174	305743920	2062356521	305840346	2062337094	305940588	2062314934	306042162	2062291826	306162472	2062270306	306250620	2062244249
nostrand av	11216	40.680438	-73.950426	56,308	25135	11993271	23739248	11994006	23807934	12386553	24023617	12426345	24128366	12457570	24218329	12478402	24311577	12483534	24364588	12500662	24457422	12503811	24521364	12511807	24586653	12529807	24677795	12529394	24727070
utica av	11213	40.679364	-73.930729	66,295	26366	101966117	16777216	102010813	16777216	102072172	16777216	102123802	16777216	102176890	16777216	102234373	16777216	102277170	16777216	102317725	16777216	102363411	16777216	102411954	16777216	102472547	16777216	102515745	16777216
ralph av	11233	40.678822	-73.920786	76,819	22754	4075149	4356865	4091247	4354934	4122533	4359278	4130347	4351565	4148243	4349628	4174419	4351898	4180750	4345932	4207962	4351218	4219544	4347747	4237384	4347871	4263511	4351045	4267399	4343013
rockaway av	11233	40.67834	-73.911946	76,819	22754	10363364	6248229	10390485	6258491	10426457	6273052	10454027	6284786	10463114	6296342	6374884	6310640	6393053	6321313	6409620	6328445	6116439	6084377	6149104	6116496	6189252	6149166	6218659	6189336
broadway jct	11207	40.679498	-73.904512	91,972	24163	16936092	20172614	16978241	20231086	17035881	20303193	17054638	20353335	17092164	20412376	17139999	20491790	17148919	20540732	17202094	20619862	17219989	20675974	17248597	20736606	17288423	20808618	17298366	20854241
liberty av	11207	40.674542	-73.896548	91,972	24163	5375905	2074926	5395900	2069011	5427619	2064624	5443257	2053238	5466523	2048336	5493909	2042973	5508607	2032069	5537163	2026629	5558959	2016771	5580333	2008028	5610094	2001545	5624308	1988840
shepherd av	11208	40.67413	-73.88075	98,660	27078	7456772	9024931	7468513	9037668	7490181	9056911	7811029	9212427	7825896	9228442	7843844	9244042	7849242	9253978	7865211	9272097	7872007	9285072	7881150	9298610	7897490	9318228	7899763	9328330
euclid av	11208	40.675377	-73.872106	98,660	27078	8838400	5340454	8870149	5353243	8915851	5369913	8945321	5379841	8240127	4517173	8295488	4538766	8343401	4555338	8398095	4576294	8444368	4593453	8492988	4613968	8555349	4636466	8601961	4656633
grant av	11208	40.677044	-73.86505	98,660	27078	1207042809	1761194168	1207045937	1761213294	1207063095	1761242457	1207060751	1761254112	1207051046	1761270713	1207062540	1761304142	1207078440	1761313482	1207090563	1761344706	1207086004	1761359677	1207089004	1761376590	1207098048	1761409611	1207092336	1761414097
80 st	11416	40.679371	-73.858992	27,125	61285	117178599	117440732	117178603	117440740	117178618	117440744	117178622	117440759	117178624	117440763	117178628	117440765	117178640	117440769	117178651	117440781	117178657	117440792	117178660	117440798	117178665	117440801	117178668	117440806
88 st	11416	40.679843	-73.85147	27,125	61285	5452320	7879184	5465996	7894397	5486701	7914414	5494969	7927130	5506583	7940435	5528453	7959563	5534965	7970383	5556614	7988356	5568105	8001826	5579300	8015127	6625706	8345455	4498157	1342827
rockaway blvd	11417	40.680429	-73.843853	31,927	69989	135422466	8457546	135450619	8490335	135487399	8525360	135516009	8570953	135542916	8607331	135578205	8648237	135602870	8694694	135634755	8728278	135662883	8772581	135690444	8810151	135724894	8844826	135749018	8888215
broad channel	11693	40.608382	-73.815925	12,919	57443	972351	84798	974296	85026	977067	85290	977822	85497	979543	85720	982729	86162	984271	86635	987607	87105	989094	87359	990602	87593	993020	87891	993525	88100
beach 90 st	11692	40.588034	-73.813641	20,991	45816	3157201	3682257	3165267	3690380	3175818	3701258	3184452	3710125	3193073	3719760	3209320	3734683	3225578	3749261	3244567	3766022	3264313	3781658	3273539	3791054	3287196	3803408	3295238	3811517
beach 98 st	11693	40.585307	-73.820558	12,919	57443	1838009	2054944	1841313	2060276	1846214	2067721	1850165	2073340	1854097	2079616	1861253	2089082	1868309	2098107	1876082	2109094	1880772	2116309	1884678	2122334	1889103	2129652	1892644	2135009
beach 105 st	11694	40.583209	-73.827559	21,354	77547	117438847	1031882	117438847	1034817	117438847	1038984	117438844	1042250	117438844	1045759	117438840	1051846	117438839	1057707	117438839	1064467	117438839	1069060	117438839	1072701	117438839	1076922	117438839	1080022
beach 67 st	11692	40.590927	-73.796924	20,991	45816	5214644	4187762	5230213	4206279	5251844	4230140	5270019	4249954	5286536	4269866	5312316	4299450	5333839	4326900	5360096	4359507	5377332	4379917	5396037	4400840	5417620	4425323	5432840	4443984
beach 60 st	11692	40.592374	-73.788522	20,991	45816	117440773	5346731	117440788	5357751	117440800	5372033	117440800	5383652	117440808	5395416	117440815	5410570	117440826	5423114	117440835	5438592	117440841	5449454	117440847	5461796	117440851	5476388	117440856	5487769
beach 44 st	11692	40.592943	-73.776013	20,991	45816	1195965	1355226	1203807	1360959	1214244	1368434	1222709	1374422	1230348	1380298	1241682	1388168	1250527	1394700	1261925	1402890	1270077	1408834	1279134	1415307	1289544	1422860	1297087	1428497
beach 36 st	11691	40.595398	-73.768175	67,094	39947	2171811	1845018	2179811	1845021	2190818	1845021	2200072	1845021	2208378	1845022	2219620	1845022	2228453	1845022	2240064	1845022	2248113	1845022	2254103	1845022	1354574	1845024	1354574	1845025
beach 25 st	11691	40.600066	-73.761353	67,094	39947	3979928	4155255	3991585	3970019	644500018	968192765	644512010	968205640	644523339	968218681	644538398	968234655	644549387	968246286	644563624	968260982	644574741	968273719	644586482	968286900	644600647	968303111	644611609	968315233
170 st	10452	40.839306	-73.9134	76,078	20606	934214617	1150156892	934214612	1150156895	934214602	1150156898	934214599	1150156899	934214594	1150156903	934214588	1150156907	934214579	1150156907	934214577	1150156908	934214575	1150156911	934214573	1150156911	934214569	1150156911	934214801	1150156911
174	10453	40.8459	-73.910136	79,606	21109	4317514	2075555	4327729	2086163	4341139	2102182	4347758	2113106	4354475	2124494	4412335	2160284	4425199	2173042	4440881	2187344	4452507	2196658	4465351	2206454	4482468	2219442	4491848	2225102
tremont av	10453	40.85041	-73.905227	79,606	21109	218646754	167840354	218649356	167841258	218656537	167844250	218806981	167958511	218826049	167972029	218833280	167977109	218826869	167973924	218833393	167981046	218828614	167981505	218831046	167982072	218839249	167984664	218837774	167979684
182	10457	40.856093	-73.900741	74,554	19233	1475179750	1845234124	1475109668	1845234099	1475035269	1845236856	1474938542	1845233180	1474862711	1845232212	1474789004	1845234315	1474697972	1845230987	1474630292	1845235129	1474546196	1845230266	1474471100	1845232695	1474392162	1845238055	1474294827	1845231797
fordham rd	10468	40.861296	-73.897749	78,647	26852	1108030556	167906494	1108099364	167917093	1108189445	167933273	1108258602	167944748	1108328565	167955725	1108411956	167969400	1108422349	167971300	18570968	9380102	33626271	9397976	33699138	9414978	33791588	4443900	1761685585	385886713
kingsbridge rd	10468	40.866978	-73.893509	78,647	26852	704822666	704840159	704847448	704861118	704879349	704887477	704906190	704911138	704933805	704934767	704965933	704964379	704989879	704988640	705019767	705021028	705045549	705044479	705074823	705072031	705108476	705102345	705134031	705123266
5 av/53 st	10022	40.760167	-73.975224	31,125	80406	13782731	29876162	13784477	29955650	13817495	30069338	13847008	30182888	13881894	30285848	13927413	30413992	13947554	30504900	13989241	30629819	14015880	30735453	14047700	30840213	14093135	30966612	14125507	31079056
lexington av/53	10022	40.757552	-73.969055	31,125	80406	1476630171	1595584661	1476646053	1595614145	1476666671	1595652396	1476682724	1595679871	1476699124	1595708658	1476720843	1595744529	1476738607	1595772633	1476762151	1595809826	1476780938	1595844568	1476800484	1595882043	1476823652	1595923154	1476841785	1595954857
court sq	11101	40.747846	-73.946	30,043	57866	2067142115	681640463	2067111111	681624224	2067075928	681606375	2067031485	681584487	2066991494	681566423	2066955738	681548208	2066913744	681526325	2066882742	681508900	2066844476	681487175	2066812007	681467982	2066779651	681448630	2066741485	681427266
queens plaza	11101	40.748973	-73.937243	30,043	57866	51161307	17136068	51187483	17146033	51224343	17159863	51253537	17171211	51285885	17183184	51321523	17196690	51347594	17206898	51377439	17218552	51413149	17231464	51450152	17244030	51495951	17259441	51523487	17270398
steinway st	11103	40.756879	-73.92074	36,140	65229	15026453	13198952	15051100	13229266	15095631	13279521	15117319	13310656	15141844	13341184	15178763	13382130	15196709	13408768	15230471	13454676	15251289	13482083	15282177	13517441	15314771	13557066	15327711	13584912
46 st	11103	40.756312	-73.913333	36,140	65229	13009219	6868450	14492085	6951221	5962392	7003339	5961421	7037682	5994698	7083627	6008213	7123718	6014636	7152696	6024460	7197526	6055403	7255089	6063093	7293532	6053710	7332941	6055104	7360222
northern blvd	11377	40.752885	-73.906006	86,421	54989	6749503	7218505	6781442	7263676	6823567	7326706	6856556	7374542	6889100	7422217	6925693	7476851	6953936	7519881	6989445	7576279	7018795	7623456	7051535	7670700	7090776	7726563	7121861	7769786
65 st	11377	40.749669	-73.898453	86,421	54989	4647820	7386535	6162313	9009116	3172737	9040293	3177098	9048071	3189087	9059976	3205142	9076462	3209673	9084659	3226739	9103887	3231874	9112419	3244824	9127075	3262481	9142396	3267740	9150006
elmhurst av	11373	40.742454	-73.882017	93,967	49098	1625567955	1973029107	1625502288	1973026245	1625448220	1973025483	1625376795	1973020676	1625366259	1973052701	1625309638	1973054123	1625241106	1973049831	1625203538	1973065961	1625144728	1973067847	1625093368	1973070111	1625038163	1973073143	1624976529	1973074892
67 av	11374	40.726523	-73.852719	42,653	56863	10792485	10753497	10832882	10792514	10888856	10832904	10931441	10888926	10974116	10931511	11024956	10974198	11061427	11025022	11108192	11061513	11150176	11108251	11191543	11150255	11243951	11192976	11284462	11243980
75 av	11375	40.718331	-73.837324	73,488	76467	297361956	942452175	297369477	942439810	297378819	942427689	297385885	942410921	297393660	942397525	297402663	942382838	297409701	942365026	297417664	942350938	297424909	942333971	297431995	942319345	297441498	942306331	297448375	942292519
sutphin blvd	11435	40.70546	-73.810708	59,296	59535	84168079	3763527	84182017	3777789	84200578	3797168	84214778	3811235	84229600	3825807	84246449	3847082	84259109	3862182	84274383	3879733	84287643	3895701	84302755	3911759	84321706	3934664	84337895	3950799
parsons blvd	11435	40.707564	-73.803326	59,296	59535	9726516	12006994	9759806	12083859	9805161	12185032	9840304	12262961	9877717	12340906	9920770	12445777	9951328	12523389	9989719	12613231	10026226	2709755	10061661	2720723	10106258	2735226	10140257	2745828
169 st	11432	40.71047	-73.793604	62,053	52975	7141479	5206552	7154094	5241324	7172081	5287337	7181801	5322601	7193464	5360271	7209195	5404287	7217419	5436546	7233827	5477464	7244125	5513546	7256618	5549377	7273797	5594839	7282568	5628568
21 st	11101	40.744065	-73.949724	30,043	57866	15038379	10468491	15122288	10521198	14881370	10108103	15333974	10654450	15433639	10715598	15557786	10788695	15640965	10842829	15759237	10915812	15855106	10973546	15960254	11043068	16090790	11125967	16188757	11189826
greenpoint av	11222	40.731352	-73.954449	36,492	33578	5527261	6050862	5556502	6120900	5593930	6207148	5618313	6266303	5648927	6343464	5686904	6440683	5714033	6510633	5751261	6599635	5783909	6672887	5815798	6743468	5854091	6833098	5887867	6913775
nassau av	11222	40.724635	-73.951277	36,492	33578	8185455	6000268	8214280	6019301	8243613	6036546	8256007	6046891	8273054	6065059	8298263	6085989	8315789	6099972	8342524	6119893	8407220	6162099	8434321	6181725	67122963	6206348	8487671	6220610
broadway	11106	40.76182	-73.925508	38,363	60725	37495208	11393870	37508356	11463560	37457144	11526865	37377963	11577496	37318802	11653839	37253111	11740033	37169309	11796833	37118053	11872704	37038140	11948452	36967228	12016188	36964396	12120390	36958733	12194237
classon av	11205	40.688873	-73.96007	46,064	28070	6807099	5580811	6820975	5578446	9895819	8766735	9934059	8793995	9961754	8804930	9997563	8819544	10008364	8812026	10041988	8828248	10061486	8828083	10085317	8832235	10123433	8847490	36274762	8926381
47	10019	40.758663	-73.981329	43,703	55869	1924276074	2037564481	1924344573	2037621349	1924434991	2037696750	1924505659	2037752780	1924578854	2037851502	1924672139	2037918058	1924740019	2037940554	1924833892	2038017283	1924909500	2038078398	1925037284	2038186968	1925124536	2038261109	1925203490	2038329876
2 av	10012	40.723402	-73.989938	23,411	58313	67089914	25445452	67095822	25538199	67104272	25660934	67108650	25747108	67115100	25844628	67119258	25961993	67121889	26051581	67126656	26164274	67129739	26256314	67132858	26352454	67137219	26470249	67140425	26565502
east broadway	10002	40.713715	-73.990173	74,993	24022	101140196	17363863	101152175	17374780	101162072	17386841	101168730	17394806	101176210	17404851	101185303	17417409	101192555	17429174	101200268	17441188	101207342	17450921	101213927	17460553	101222342	17475995	101228819	17484579
york st	11201	40.701397	-73.986751	62,823	56293	3650751	23567029	3687489	23658794	3751075	23781011	3763085	23873933	3806328	23982930	3870238	24128664	3872425	24244314	3939252	24397973	3955510	24515735	3984209	24632722	4036431	24768939	4045091	24871364
bergen st	11201	40.686145	-73.990862	62,823	56293	10994062	7235407	11033477	7278869	11081140	7334809	11117686	7374022	11156675	7418834	11204459	7473839	11239418	7515409	11282769	7567407	11321088	7611679	11360044	7656385	11407587	7711833	11443608	7754773
carroll st	11231	40.680303	-73.995048	37,845	45154	16044410	19373965	16577727	19440360	16656903	19524492	150978228	19586930	151025927	19657895	151094065	19745512	151136822	19808398	151188962	19888630	151201992	19959358	151201143	20031038	151203082	20119236	151188213	20183708
4 av	11215	40.670272	-73.989779	70,156	53313	11296158	14468219	11308544	14499799	11328723	14544149	11336251	14563508	11349103	14599235	11365902	14638062	11373781	14654789	11392576	14697343	11405649	14723225	11420082	14752247	11440703	14797542	11449116	14814532
ditmas av	11218	40.636119	-73.978172	74,508	36432	67416833	4795569	67427074	4819143	67434404	4847044	67445864	4871051	67458577	4898444	67472612	4932173	67483970	4958302	67498747	4991490	67512904	5020477	67527041	5047260	67545530	5080533	67559390	5105601
avenue i	11204	40.625322	-73.976127	76,978	31798	3314888	995588304	3325799	995582133	3341806	995576628	3353547	995569845	3368407	995563519	3384983	995556531	3393998	995548620	3408204	995542817	3421965	995535444	3433350	995528398	3452589	995521646	3464804	995511304
avenue n	11204	40.61514	-73.974197	76,978	31798	134217910	134217908	134217916	134217910	134217918	134217916	134217920	134217918	1178882151	134217920	1178911085	134217923	1178932274	134217923	1178959403	134217923	1178984272	134217925	1179007727	134217930	1179040907	134217930	1179066219	134217930
avenue p	11223	40.608944	-73.973022	81,789	32104	7987029	8139207	7994781	8153642	8008703	8167600	8015126	8184783	8026654	8199768	8042156	8216961	8047476	8239253	8064623	8255869	8072350	8277119	8080377	8295571	8098519	8312941	8103503	8334734
avenue x	11223	40.58962	-73.97425	81,789	32104	2572379	6462794	2575625	6475960	2581077	6492693	2581299	6503740	2601419	6520842	2638397	6543084	2661797	6556002	2698122	6576025	2724725	6591088	5846357	8066783	5884515	8088864	5903574	8101087
neptune av	11224	40.581011	-73.974574	46,707	21281	3961313	777453	3977267	780373	3998326	784790	4011244	787552	4030171	791691	4054310	796712	4069144	798955	4091374	803578	4109959	807169	4128621	810629	4153783	816475	4170669	819242
lexington av/63	10022	40.764629	-73.966113	31,125	80406	1758747799	45231190	1758711839	45169647	1758668097	45092263	1758609713	44990941	1758565690	44912032	1758518073	44831210	1758462575	44736158	1758420473	44669198	1758365633	44582140	1758316389	44498072	1758266293	44411998	1758207376	44305153
thirty third st	10016	40.746081	-73.982076	51,057	66342	2991116	2063334	3034551	2091294	3094464	2127903	3138721	2156067	3180714	2194996	3210019	2221733	101875	82556	171658	145679	225196	198940	281358	257687	337991	321715	391189	357280
south ferry	10005	40.702068	-74.013664	8,831	79517	11173573	8203540	11184778	8212671	11220604	8225393	117482019	8237956	117504791	8250556	117533594	8267174	117556805	8281568	117582462	8297354	117603810	50331650	123806447	8323054	123833834	8337763	123852881	8348374
wall st	10005	40.706821	-74.0091	8,831	79517	168540581	235389624	168552670	235395040	168567546	235403405	168579609	235410525	168591826	235417284	168607457	235426836	168619299	235435484	168634818	235443898	168647354	235450898	168660893	235459107	168677212	235469659	168690965	235477747
franklin st	10013	40.719318	-74.006886	28,709	38304	10463224	9368209	1133281489	704643555	10514884	9850506	10552456	9891475	10593597	9927965	10614492	9960363	10610846	9970079	10644250	9967174	10681183	9992334	10721962	10020858	10775177	10050643	10809121	10087297
houston st	10014	40.728251	-74.005367	30,738	66601	68341184	17030678	68377867	17039733	68416915	17051449	68456566	17061272	68461853	17065808	11238222	16332270	11267991	16383140	11307978	16441784	11344597	16492111	11390353	16543191	11445479	16605421	11484798	16651283
18 st	10011	40.74104	-73.997871	50,472	61986	201334192	738591394	201491286	738844274	14995536	4420068	15030298	4421274	15068028	4445502	15117297	4488727	15142837	4539167	15183355	4576537	102325645	4620155	102312765	4661770	102299551	4702786	102280277	4754949
157 st	10032	40.834041	-73.94489	64,264	26237	21169311	8533308	21246337	8603657	21349160	8693979	21415730	8758174	21484260	8821832	21568364	8887225	21621327	8938449	21701993	9006537	22553928	9464257	6952010	9531581	6937419	9615534	7121027	9700671
191 st	10040	40.855225	-73.929412	44,571	27905	9168164	11525709	9163316	11543064	9168974	11577724	9141989	11578611	9137042	11595556	9140606	11618794	9123289	11621000	9789136	12196460	2961749	5496219	2979049	5521273	3010570	5564775	3012438	5562995
207 st	10034	40.864621	-73.918822	42,910	29479	135022768	9557738	135029375	9588893	135037695	9621143	135041878	9661036	135116091	9788501	135133294	9829272	135141222	9866522	135156528	9896805	135165251	9938120	135201055	10007555	135219021	10052022	135222460	10095530
215 st	10034	40.869444	-73.915279	42,910	29479	4007916	169494098	4009102	169493639	4013698	169499868	4010868	169502849	4011184	169506465	4012726	169510971	4008493	169512545	4012504	169518170	4012351	169522466	4016148	169529390	4018243	169536653	4333099	169624138
231 st	10463	40.878856	-73.904834	71,360	40497	15324631	7748825	15374718	7809085	15438193	7870273	15486979	7947512	15536120	8006637	15590937	8062806	15632148	8130166	15685270	8182572	15732894	8251310	15782134	8310173	15845527	8372170	15894457	8448214
238 st	10463	40.884667	-73.90087	71,360	40497	8231769	6136717	8264669	6152108	8309402	6175408	8348137	6206834	8387719	6230350	8433212	6254446	8469053	6282257	8517905	6303942	8559924	6332274	8601640	6357104	8653810	6386517	8692054	6421569
bowling green	10006	40.704817	-74.014065	3,454	81334	1289816752	1342998042	1289816824	1343007455	1289816928	1343027187	1289817024	1343050632	1289817135	1343069824	1289817271	1343096492	1289817352	1343120161	1289817449	1343150187	1289817545	1343171924	1289715207	1343192695	1289696891	1343210269	1289675156	1343223288
brooklyn bridge	10038	40.713065	-74.004131	22,800	31316	388480290	564041141	388517234	564055040	388571592	564074632	388621477	564091503	388669554	564109037	388720521	564131516	388766997	564149146	388826860	564170560	388877594	564190085	388923720	564207193	388973431	564228139	389012992	564242525
bleecker st	10012	40.725915	-73.994659	23,411	58313	12025170	6810484	12224150	6993016	12297288	7035095	12329235	7066343	12364879	7089247	12415464	7128270	12436284	7158734	12627413	7213613	12688885	7247858	12738106	7282496	12819564	7327252	12835655	7357360
astor pl	10003	40.730054	-73.99107	54,682	60891	16819982	10382981	16854709	10447815	16908772	10562202	17012436	10799043	17067167	10914077	17128488	11056456	17127294	11145934	17147926	11271181	17159783	11373018	17297934	11531011	5480656	11656272	5481205	11745652
grd cntrl	10017	40.751776	-73.976848	15,801	69273	1255208412	723007939	1255174603	723026402	1255138944	723048157	1255090419	1510932083	1255051066	1510777020	1255013399	1510566413	1254966589	1510294797	1254932627	1510105917	1254890743	1509863007	1254855243	1509668462	1254813209	1509538942	1254769912	1509398968
51 st	10022	40.757107	-73.97192	31,125	80406	13060304	24171337	13082208	24233076	13119259	24324551	13140009	24395951	30820566	30882428	30989453	30968108	31022295	30984227	31067388	31008891	569325935	569316303	569329684	569324040	569339767	569336748	569337395	569339466
110 st	10029	40.79502	-73.94425	79,597	22232	10427301	10973234	10425199	11019249	10456880	11084809	10443618	11122772	10442659	11167594	10465130	11223991	10448454	11258576	10459130	11321115	10434585	11364869	10424042	11411488	10423350	11477234	10395857	11518317
167 st	10452	40.833771	-73.91844	76,078	20606	1779770301	856329443	1779807082	856340798	1779836129	856354721	1779857542	856357679	1779883641	856366522	1828647850	1828767764	1828607934	1828800096	1828550417	1828837867	1828472231	1828876666	1828406185	1828905277	1828338705	1828940801	1828255368	1828998275
mt eden av	10453	40.844434	-73.914685	79,606	21109	4455611	4248301	4456919	4259338	4472101	4269897	4471873	4286013	4481572	4298687	4497670	4313195	4489281	4329192	4501660	4340942	4503731	4355224	4511975	4368949	5521182	5183188	5517000	5073305
176 st	10453	40.84848	-73.911794	79,606	21109	6262606	4390572	6265368	4409229	6283405	4437685	6272819	4452556	6272663	4467816	6276817	4490697	6263964	4504154	6271799	4528618	6264204	4544945	6262030	4562946	352393513	268507234	352409794	352387737
burnside av	10453	40.853453	-73.907684	79,606	21109	84438168	50351061	1690562	1635530	1723274	1660494	1908904	1850049	607172226	1008491678	607235888	1008523832	607272059	1008542150	607285199	1008538185	607299498	1008519495	607311971	1008520918	607342146	1008522618	607335871	1008514889
183 st	10453	40.858407	-73.903879	79,606	21109	1777535645	1863135340	1777539633	1863156194	1777551867	1863177944	1777549627	1863194734	1777554875	1863216827	1777566436	1863246410	1777562658	1863259706	1777576425	1863286347	1777580229	1863305174	1777585539	1863324064	1777599353	1863352765	1777595677	1863363653
mosholu pkwy	10467	40.87975	-73.884655	103,732	29044	5816119	5395284	5819015	5400192	5827271	5409257	5823244	5412284	5826057	5418068	452902111	67101756	452887449	67095678	452879631	67091870	452865769	67086717	452855411	67081501	452841138	67076135	16530816	16657814
woodlawn	10467	40.886037	-73.878751	103,732	29044	7917809	7949869	7945195	7989190	7985685	8030994	8008718	8086001	8041832	8131333	8084148	8178232	8103495	8235284	8143017	8276929	8167764	8331406	8193836	8377376	8222894	8422542	8221582	8468473
jackson av	10455	40.81649	-73.907807	42,283	19389	117837075	582667	117810786	580505	117788578	579270	117749086	575034	117726695	573326	117700677	571637	117659557	568051	117636450	567606	117608566	566483	117583954	566155	1761104224	150925078	1761083861	150921622
intervale av	10459	40.822181	-73.896736	48,351	17498	8047784	6824754	8062244	6860961	8089021	6911805	8096530	6943458	8109956	6980337	8129522	7027263	8137321	7051159	8160633	7090108	8176876	7123666	8196852	7158779	8224106	7206641	8230712	7234429
simpson st	10459	40.824073	-73.893064	48,351	17498	268493554	285264155	671056196	503360152	671017596	503368127	670940911	503375211	670887670	503382122	670822328	503390843	670747481	503395162	117438295	18783062	117438268	18789354	285275821	301999040	285284852	302009265	285291660	302016970
freeman st	10459	40.829993	-73.891865	48,351	17498	169174168	16818014	169192654	16817084	169220515	16817400	169233250	16815574	169250633	16815246	169276405	16815536	169287028	16813865	169305782	16813573	169318506	16811659	169334962	16811395	169359141	16810943	169370888	16808762
174 st	10460	40.837288	-73.887734	59,505	19517	687745573	298939881	687708637	298910385	688799469	301349471	688724805	301315149	688639089	301278514	688543553	301237353	688431176	301187255	688347407	301144907	688243742	301100218	688156605	301064372	688060565	301024215	687946609	300977312
e 180 st	10460	40.841894	-73.873488	59,505	19517	13042141	11217035	13083991	11249249	13138034	11293330	13181794	11331283	13228075	11369787	13283854	11416901	13328975	11456356	13381746	11498621	13428252	11541623	13472941	11578282	13528299	11622747	13569769	11657825
bronx park east	10462	40.848828	-73.868457	76,756	33735	989902803	436271618	989897460	436274464	989898030	436279875	989885358	436281827	989875400	436285280	989869356	436290610	989852185	436291752	989849896	436296234	989842976	436299058	989836332	436302282	989830940	436306735	989814214	436308467
pelham pkwy	10462	40.857192	-73.867615	76,756	33735	436317362	184612614	436345731	184623548	436383927	184640314	436413912	184653769	436446497	184668148	436482561	184683715	436507332	184694500	436538223	184708259	436567270	184721176	436598796	184734385	436637805	184750794	436666041	184763099
allerton av	10467	40.865462	-73.867352	103,732	29044	585043026	217448347	585018104	217439509	16816370	7643305	16782469	7684673	16763038	7718848	16754222	7748758	16728191	7785628	16722952	7813114	16706518	7846799	16686552	7875997	2044058270	905145690	2046753649	2046753753
burke av	10467	40.871356	-73.867164	103,732	29044	4839191	2353965	4849177	2359497	4866834	2368997	4871057	2373026	4881498	2378771	4897349	2387072	4900686	2390488	4917289	2398977	4924822	2403374	4934498	2409537	4950264	2418702	4953788	2422628
gun hill rd	10467	40.87785	-73.866256	103,732	29044	1325630059	1057251227	1325664512	1057288935	1325712581	1057341577	1325740490	1057387023	1325777110	1057432345	1325828619	1057493957	1325861415	1057533595	1325898222	1057579985	1325938003	1057642896	1325950286	1057661722	683734655	638320589	1359532103	1074416054
219 st	10467	40.883895	-73.862633	103,732	29044	2929890	3505306	2935510	3509445	2948551	3518712	2947757	3519239	902710819	317590434	902722228	904383439	902728622	904404920	902751324	904426767	902756317	904451177	902767865	904468928	902787009	904487902	902791065	904512816
225 st	10470	40.888022	-73.860341	15,432	38464	1953153490	663940172	1953149423	663906745	1953153323	663872491	1953138701	663825898	1953131938	663790470	1953130789	663754615	1953117100	663710827	1953117873	663677333	1953105811	663635238	1953101083	663603743	1953105247	663570587	1953090902	663524763
nereid av	10470	40.898379	-73.854376	15,432	38464	7135691	7682284	7146746	7706583	7169174	7731668	7174312	7765479	7185221	7791896	7203248	7816678	7208463	7847208	7228093	7871105	7234091	7901822	7245901	7925027	7265778	7949079	7268528	7980027
brook av	10454	40.807566	-73.91924	38,203	14271	8045674	11514241	8076174	11537359	8117713	11577999	8204853	11744757	8236686	9441839	8276917	9477984	8290575	9450505	8322293	9448981	8342139	9419226	8366597	9409350	8396387	9405716	8416990	9375580
cypress av	10454	40.805368	-73.914042	38,203	14271	3869773	3504660	3883614	3514146	3902500	3527501	2013309375	838921472	2013318340	838934131	2013326335	838942557	2013329951	838942521	2013337433	838951346	2013355772	839005509	184636864	251755883	184633108	251746564	184625872	251731266
e 149 st	10455	40.812118	-73.904098	42,283	19389	2992492	5425692	3015377	5450370	3049558	5486758	3071080	5505651	5230874	6651059	5237046	6679485	5225793	6693517	5235017	6724758	5227975	6741104	5229187	6761218	5239372	6796591	5230940	6815690
longwood av	10459	40.816104	-73.896435	48,351	17498	4936019	7584499	4956049	7606185	4983165	7636069	5002314	7653926	5022501	7674595	5047117	7703847	5063741	7725624	5090505	7758841	5110088	7780380	5130631	7804110	5155850	7802282	4457385	5319450
hunts point av	10459	40.820948	-73.890549	48,351	17498	318877443	117478852	318884274	117485413	318900089	117493955	318913855	117500399	318924845	117507424	318940915	117516471	318953381	117523769	1124011671	1979764573	1123967219	1979815129	1123923740	1979861897	1123880924	1979921442	1123826854	1979968532
whitlock av	10459	40.826525	-73.886283	48,351	17498	4537750	2921403	4555963	2934864	4580346	2952075	4598849	2965956	4617586	2980018	4639651	2997818	4655018	3011454	4678496	3028426	4697567	3043692	4716380	3058988	4740827	3077898	4758521	3092277
elder av	10472	40.828584	-73.879159	68,796	23565	5324592	7903552	5377760	7972369	5447599	8070085	5502412	8146197	5557790	8218124	5623547	8308641	5671134	8375798	5733912	8466208	5787734	8539286	5842402	8615705	5910539	8712624	5962298	8783721
st lawrence av	10472	40.831509	-73.867618	68,796	23565	6023764	5357143	6041754	5378168	6065219	5407034	6083983	5429722	6103232	5452541	6127997	5481683	6146645	5503186	6170440	5531596	6190635	5554655	6211204	5578220	6236269	5609056	6255307	5632013
parkchester	10472	40.833226	-73.860816	68,796	23565	67107558	16777372	167848076	268502717	167898026	268568989	167936824	268622391	167976615	268675701	168023212	268746308	168051492	268798797	168088242	268865072	168128475	268919920	168170785	268973486	168219669	269037436	168253769	269090563
castle hill av	10462	40.834255	-73.851222	76,756	33735	9121897	9518815	9150038	9597389	9184063	9702756	9211314	9782129	9240288	9861994	9274271	9962854	9299302	10035909	9329388	10131476	9356977	10214485	9379363	10295481	9411510	10401641	9437351	10476627
zerega av	10461	40.836488	-73.847036	50,348	40024	834328	377223	851289	384339	873039	393300	890704	400594	908524	407681	929679	417073	945774	424104	965903	433203	983295	440874	1001137	449052	1024227	458584	1041889	465757
middletown rd	10461	40.843863	-73.836322	50,348	40024	4677830	5219755	4691399	5248009	4711187	5290260	4725379	5321168	4740300	5353130	4758601	5391536	4771732	5419196	4789364	5454492	4805435	5486030	4820736	5517024	4839191	5556330	4852333	5584402
buhre av	10461	40.84681	-73.832569	50,348	40024	2928540	2040677	2944872	2085815	2966492	2147496	2983617	2194552	3001584	2242483	3023611	2300980	3039466	2342619	3060400	2396753	3078702	2444125	3096062	2490600	3117870	2551152	3135121	2594488
pelham bay park	10461	40.852462	-73.828121	50,348	40024	150996550	33554825	150996570	9795315	150996603	9823697	150996640	9845391	150996683	9867063	150996722	9896233	150996731	9919862	150996806	9952097	150996846	9974785	150996893	9994855	150996939	10026551	150996967	10050198
36 av	11106	40.756804	-73.929575	38,363	60725	17024963	17480813	16956998	17487451	16911165	17490538	16853253	17492893	16813310	17496667	16767611	17502775	16712145	17508160	17680712	17665694	17695855	17680567	17682820	17688084	17674065	17692814	17741788	17728405
30 av	11102	40.766779	-73.921479	30,800	60436	11279761	22041824	11299671	22071173	11356907	22104620	11409057	22130210	11465811	22169253	11522832	22215597	11880485	22397423	11949718	22366596	11988866	22305806	12027570	22340503	12093506	22390575	12117165	22423045
52 st	11377	40.744149	-73.912549	86,421	54989	98252106	8013997	101589017	10124568	101577472	10165415	101541549	10209050	101508396	10251348	868022531	174325560	8529384	10417271	8534996	10433892	8523919	10429033	8512628	10423335	8508650	10425878	8485964	10427859
69 st	11377	40.746325	-73.896403	86,421	54989	9120521	9141351	9116487	9145504	9118853	9149204	9110149	9153247	9106757	9156409	9107714	9161292	9098727	9167949	9100793	9172657	9096543	9180897	9092246	9186277	9092141	9190827	9082491	9197849
junction blvd	11372	40.749145	-73.869527	61,844	53963	13026421	33477841	13063915	33569881	13118715	33691634	13159869	33788739	13202768	33886071	13254797	34005059	13296267	34104074	13346844	34226292	13391642	34326251	13434313	34426980	13485774	34546202	13525529	34638570
clark st	11201	40.697466	-73.993086	62,823	56293	10366593	9602091	10372329	9609383	10391865	9621688	10387471	9631559	10390974	9639630	10432755	9658188	10465325	9663041	10510292	9675109	10550241	9685152	10591825	9693605	10637701	9705405	10673550	9712013
hoyt st	11201	40.690545	-73.985065	62,823	56293	5142921	3557191	5161901	3568048	5187057	3583514	5204191	3592719	5223126	3602634	5245312	3615802	5259975	3624438	5278907	3636169	5296437	3645815	5324724	3656265	5346972	3666690	5364824	3675316
nevins st	11217	40.688246	-73.980492	41,407	49567	5036402	11715529	5042890	11733159	5061140	11762203	5061679	11776251	5072915	11794243	5090890	11819978	5090074	11831538	5109327	11860689	5116016	11877124	5127143	11896638	5148086	11926087	5143533	11939078
kingston av	11213	40.669399	-73.942161	66,295	26366	4771412	6339473	4783365	6352547	4805177	6365056	4807420	6380856	4821186	6392353	4841819	6403584	4843697	6418548	4864525	6430094	4877740	6444690	4890500	6459594	4911951	6471968	4913939	6487640
saratoga av	11212	40.661453	-73.916327	76,527	20839	67108394	16777965	66229588	16479273	66233099	16487608	66222498	16488275	66220057	16491346	66220577	16498176	66208329	16497143	66212154	16502755	66206753	16503753	66206748	16507539	66210423	16514077	66196394	16514255
junius st	11212	40.663515	-73.902447	76,527	20839	5521471	5413041	5527125	5389668	5536254	5368081	5540092	5330841	5545887	5305166	5554096	5281099	5555692	5241785	5564709	5219623	5570186	5184607	5576093	5157444	5583629	5131670	5585382	5092267
pennsylvania av	11207	40.664635	-73.894895	91,972	24163	3424088	1046724	3416676	1051419	3413607	1059808	3398765	1062034	3389131	1066507	3381006	1073259	3363032	1073357	3356653	1079745	3341388	1082984	3331801	1087723	3323786	1094697	3306811	1096748
new lots av	11207	40.658733	-73.899232	91,972	24163	12316322	7799152	12316139	7826214	12318260	7867340	12308320	7891332	12303233	7919382	12301554	7956928	12288438	7976211	12290417	8015857	12276459	8039587	12268095	8067474	12265224	8101300	12252694	8119829
president st	11225	40.667883	-73.950683	58,882	30192	3172996	2295409	3198651	2303768	3234674	2313751	3247893	2315987	3268660	2315463	3282403	2298270	3276966	2299950	3289586	2318085	3325016	2332875	3340727	2338895	3375278	2341926	3388520	2333911
sterling st	11225	40.662742	-73.95085	58,882	30192	9353775	9566649	9400576	9585866	9470102	9612066	9489284	9634770	9506084	9641955	9531974	9647043	9543291	9645430	9542332	9673198	9519580	9676033	9541294	9679874	9578801	9722375	9576077	9740480
winthrop st	11225	40.656652	-73.9502	58,882	30192	16254580	6266668	16285263	6298114	16328442	6333982	16336480	6375241	16363072	6403584	16399093	6433570	16343915	6468677	16411435	6468680	16441036	6498709	16474959	6532842	16555042	6565412	16607030	6608848
beverly rd	11226	40.645098	-73.948959	100,277	29498	67314478	17069224	67306018	17075485	67273445	17079840	67227475	17080409	67191835	17083012	67155615	17086895	67109104	17086987	67078913	17091018	67037781	17092132	67004378	17094260	66973083	17102169	66926533	17103061
newkirk av	11226	40.639967	-73.948411	100,277	29498	16957339	13641500	17007358	13683860	17074322	13732999	17125842	13798834	17178321	13849271	17238866	13901785	17281863	13963050	17338181	14006635	17385937	14067183	17432914	14123595	17496519	14178227	17545199	14245116
morris park	10462	40.854364	-73.860495	76,756	33735	5017102	2398800	5035570	2424800	5064022	2464016	5080615	2488896	5102972	2520728	5127724	2553127	5139277	2572057	5163562	2601781	5179357	2631490	5198398	2660492	5224288	2699268	5236671	2721281
baychester av	10469	40.878663	-73.838591	73,870	42102	6793017	814234	6803938	825439	6825237	837697	6829960	853685	2062366511	167394708	2062379216	167395141	2062377535	167391632	2062390668	167394662	2062397705	167387461	2062406798	167385085	2062420253	167383555	2062417953	167378632
tompkinsville	10301	40.636949	-74.074835	38,733	45620	587310	568883	591756	572412	597931	575860	603110	580847	608758	584975	614825	589489	618763	594419	623582	597629	628042	601928	632489	605711	637154	609136	640703	613149
39 av	11101	40.752882	-73.932755	30,043	57866	3595555	3645832	4470869	4389500	4469498	4398905	4464107	4407324	4459429	4419486	4454606	4432396	4446988	4440909	4442746	4453251	4435166	4465485	4428485	4475579	4423648	4492492	4414096	4504870
