,objectid,shape_leng,shape_area,zone,locationid,borough,longitude,latitude
0,1,0.11635745319,0.00078230679,Newark Airport,1,EWR,-74.17153349999995,40.68948349999988
1,2,0.43346966679,0.00486634038,Jamaica Bay,2,Queens,-73.82247803552738,40.610823534638214
2,3,0.0843411059,0.00031441416,Allerton/Pelham Gardens,3,Bronx,-73.84495310749989,40.865747300999914
3,4,0.04356652709,0.00011187195,Alphabet City,4,Manhattan,-73.97772542292921,40.72413692699997
4,5,0.09214648986,0.00049795749,Arden Heights,5,Staten Island,-74.18755828249991,40.55066406499992
5,6,0.15049054252,0.00060646098,Arrochar/Fort Wadsworth,6,Staten Island,-74.07256563877093,40.599042762217536
6,7,0.10741717112,0.00038978799,Astoria,7,Queens,-73.92030746749995,40.76108286549989
7,8,0.02759069116,2.658772e-05,Astoria Park,8,Queens,-73.92312156108176,40.77862509038407
8,9,0.09978409247,0.0003384438,Auburndale,9,Queens,-73.78651680849993,40.75434276799987
9,24,0.04699996193,6.072357e-05,Bloomingdale,24,Manhattan,-73.96552238095356,40.801915687294766
10,10,0.09983947942,0.00043582382,Baisley Park,10,Queens,-73.78898557749989,40.67825618399989
11,11,0.07921103896,0.00026452054,Bath Beach,11,Brooklyn,-74.00751040830949,40.604014491068824
12,12,0.03666130136,4.151162e-05,Battery Park,12,Manhattan,-74.01572589184049,40.7024970629341
13,13,0.05028132286,0.00014935859,Battery Park City,13,Manhattan,-74.01589181962237,40.71153468920308
14,18,0.06979954986,0.00014885016,Bedford Park,18,Bronx,-73.8912742834999,40.86867793799988
15,25,0.04714581993,0.00012416827,Boerum Hill,25,Brooklyn,-73.98647201599982,40.685719242499886
16,14,0.17521369805,0.00138177826,Bay Ridge,14,Brooklyn,-74.0285213693821,40.623592755703555
17,15,0.14433622262,0.0009252194,Bay Terrace/Fort Totten,15,Queens,-73.78527445765596,40.784888059040995
18,22,0.1261702292,0.00047206268,Bensonhurst West,22,Brooklyn,-73.9950711269999,40.60968152803109
19,23,0.29055602896,0.00219556576,Bloomfield/Emerson Hill,23,Staten Island,-74.16044164396826,40.60745009891912
20,16,0.14129187377,0.00087188945,Bayside,16,Queens,-73.77471369291123,40.761215537999924
21,17,0.09352263295,0.00032295765,Bedford,17,Brooklyn,-73.95068947349995,40.69177696199986
22,19,0.10182487545,0.00054666109,Bellerose,19,Queens,-73.72861067890516,40.73673660794557
23,20,0.05144019244,0.00013451263,Belmont,20,Bronx,-73.88619042849992,40.85773933999991
24,21,0.11597356906,0.00038025135,Bensonhurst East,21,Brooklyn,-73.9858580212229,40.601994973510216
25,26,0.12354780707,0.00053403993,Borough Park,26,Brooklyn,-73.99012981799996,40.62860035949991
26,27,0.20250880852,0.00134088763,Breezy Point/Fort Tilden/Riis Beach,27,Queens,-73.90170527256132,40.558939924102425
27,28,0.09796078221,0.00029120393,Briarwood/Jamaica Hills,28,Queens,-73.80832597049987,40.710740815999884
28,33,0.0532702932,0.0001474168,Brooklyn Heights,33,Brooklyn,-73.99602169307266,40.696256942465965
29,29,0.07140831277,0.00020167384,Brighton Beach,29,Brooklyn,-73.96062421335655,40.58251411936592
30,31,0.09642456665,0.00033397593,Bronx Park,31,Bronx,-73.8761049054999,40.86001570749994
31,32,0.05426721601,0.00015087917,Bronxdale,32,Bronx,-73.86386018649993,40.86438838349992
32,30,0.09450976698,0.00014586211,Broad Channel,30,Queens,-73.82479984955917,40.60490930856771
33,34,0.06570593235,0.00017394615,Brooklyn Navy Yard,34,Brooklyn,-73.97231938410377,40.70250752257604
34,35,0.08578791859,0.0003238252,Brownsville,35,Brooklyn,-73.91259334499993,40.66380131049988
35,189,0.04867433065,0.00010142759,Prospect Heights,189,Brooklyn,-73.96812739849992,40.67722034799988
36,36,0.08705078671,0.00024766614,Bushwick North,36,Brooklyn,-73.9175758074999,40.69897118749988
37,37,0.14281004047,0.00045206264,Bushwick South,37,Brooklyn,-73.92042706849989,40.69629654699987
38,38,0.08321756852,0.00032739268,Cambria Heights,38,Queens,-73.73676400060572,40.6933613634869
39,39,0.13236962076,0.00090028294,Canarsie,39,Brooklyn,-73.89854748942136,40.63886089269232
40,40,0.05185066488,0.00010894921,Carroll Gardens,40,Brooklyn,-73.99525822599992,40.67854205949989
41,41,0.05279310945,0.00014309304,Central Harlem,41,Manhattan,-73.95070912799989,40.80417635649991
42,45,0.04590686262,9.135947e-05,Chinatown,45,Manhattan,-73.99883418899992,40.7129822358378
43,46,0.13447542988,0.00092639168,City Island,46,Bronx,-73.77942003413594,40.847487305955916
44,42,0.09270922746,0.00026389695,Central Harlem North,42,Manhattan,-73.94296557610663,40.82096513630884
45,43,0.09973861836,0.00037966291,Central Park,43,Manhattan,-73.96543425149989,40.782430709999886
46,44,0.23568896759,0.00194465649,Charleston/Tottenville,44,Staten Island,-74.23064370757598,40.527315700585106
47,47,0.08982755633,0.00016319812,Claremont/Bathgate,47,Bronx,-73.90038283149991,40.84531677249989
48,48,0.04374674414,9.425384e-05,Clinton East,48,Manhattan,-73.98983608299997,40.76224880249993
49,49,0.07529001834,0.00020318553,Clinton Hill,49,Brooklyn,-73.96170670799992,40.688764614999855
50,50,0.05574798675,0.00017324928,Clinton West,50,Manhattan,-73.99591012309416,40.766568455471045
51,51,0.09536134423,0.00039575655,Co-Op City,51,Bronx,-73.82951438949993,40.87343570699991
52,52,0.02890767101,4.520275e-05,Cobble Hill,52,Brooklyn,-73.99650552499989,40.68645906149993
53,53,0.16150091339,0.00094753098,College Point,53,Queens,-73.84718616016454,40.78198428688525
54,54,0.07621924486,0.00013245213,Columbia Street,54,Brooklyn,-74.00497260507314,40.68685015153732
55,55,0.14995680752,0.00073627471,Coney Island,55,Brooklyn,-73.98621165112738,40.577087293243274
56,56,0.05684781267,0.00018090784,Corona,56,Queens,-73.85770892099987,40.7415672414999
56,56,0.05684781267,0.00018090784,Corona,56,Queens,-73.85334967649996,40.75198053449988
57,57,0.01927050486,1.802598e-05,Corona,56,Queens,-73.85770892099987,40.7415672414999
57,57,0.01927050486,1.802598e-05,Corona,56,Queens,-73.85334967649996,40.75198053449988
58,58,0.05985540949,0.00020498093,Country Club,58,Bronx,-73.8189705241183,40.84149471389722
59,59,0.03779480709,6.287652e-05,Crotona Park,59,Bronx,-73.8939116864999,40.83893493049991
60,60,0.07864828782,0.00016183328,Crotona Park East,60,Bronx,-73.88497212849981,40.83133578699989
61,61,0.1173108081,0.00051077209,Crown Heights North,61,Brooklyn,-73.94241452649987,40.67396594649989
62,62,0.08225933598,0.00015823817,Crown Heights South,62,Brooklyn,-73.94563594699994,40.66727954149988
63,217,0.05539052513,0.00011473327,South Williamsburg,217,Brooklyn,-73.95772069499992,40.70323292049993
64,63,0.11910072188,0.00035319091,Cypress Hills,63,Brooklyn,-73.88255467399989,40.684691341499885
65,64,0.18445188474,0.00105790285,Douglaston,64,Queens,-73.73636758993015,40.76066709841692
66,65,0.04460706837,8.180388e-05,Downtown Brooklyn/MetroTech,65,Brooklyn,-73.98530032749991,40.6953503109999
67,72,0.09520206952,0.00032353246,East Flatbush/Remsen Village,72,Brooklyn,-73.92023267199991,40.6526549989999
68,66,0.05463345936,0.00010837886,DUMBO/Vinegar Hill,66,Brooklyn,-73.98724996985288,40.70170322259689
69,67,0.09974707816,0.00039428227,Dyker Heights,67,Brooklyn,-74.01239182199993,40.61841493099995
70,68,0.04933737956,0.00011107338,East Chelsea,68,Manhattan,-73.99991836599992,40.748431575499886
71,73,0.08530202091,0.00029179975,East Flushing,73,Queens,-73.80771327899997,40.75377780049989
72,69,0.07898964505,0.0001990516,East Concourse/Concourse Village,69,Bronx,-73.9161658404999,40.8306075284999
73,70,0.06384031834,0.00019545848,East Elmhurst,70,Queens,-73.86544192849993,40.764200896999895
74,71,0.09316945518,0.00038257259,East Flatbush/Farragut,71,Brooklyn,-73.93707866399994,40.64418769399992
75,79,0.04262491131,0.00010789307,East Village,79,Manhattan,-73.9853151009999,40.727953830999894
76,80,0.11721262145,0.00040732246,East Williamsburg,80,Brooklyn,-73.93711495949984,40.71444994600776
77,74,0.11029093625,0.00029503842,East Harlem North,74,Manhattan,-73.93741040191823,40.80561276899988
78,85,0.05747514736,0.0001436378,Erasmus,85,Brooklyn,-73.95220698049987,40.647008066999916
79,86,0.13424528258,0.00062327882,Far Rockaway,86,Queens,-73.75590432034737,40.60258223614865
80,75,0.08766389977,0.00024056393,East Harlem South,75,Manhattan,-73.94541517951377,40.790479074999894
81,76,0.24120301627,0.00126660143,East New York,76,Brooklyn,-73.8825665379999,40.65881960439933
82,77,0.07546108144,0.00019191798,East New York/Pennsylvania Avenue,77,Brooklyn,-73.89266489799995,40.66714987599991
83,78,0.09359444958,0.00019111442,East Tremont,78,Bronx,-73.88201852999993,40.846066419999936
84,81,0.19759277173,0.00039956655,Eastchester,81,Bronx,-73.82332145712245,40.87740838365212
85,87,0.03690154961,6.720502e-05,Financial District North,87,Manhattan,-74.00723894418903,40.70665878589847
86,82,0.1198756497,0.00032360108,Elmhurst,82,Queens,-73.8781106749999,40.73847492449989
87,83,0.10598493327,0.00021746372,Elmhurst/Maspeth,83,Queens,-73.89388576349998,40.74015635699988
88,84,0.23362398703,0.00207375572,Eltingville/Annadale/Prince's Bay,84,Staten Island,-74.19044206599993,40.53201068061041
89,88,0.03520460353,5.729995e-05,Financial District South,88,Manhattan,-74.01101059702111,40.70327948694256
90,89,0.12279456955,0.00044754814,Flatbush/Ditmas Park,89,Brooklyn,-73.96066023649988,40.640805569499896
91,90,0.03075916208,5.531325e-05,Flatiron,90,Manhattan,-73.9969712004999,40.74228299549992
92,91,0.12499662458,0.00053733001,Flatlands,91,Brooklyn,-73.93211487449992,40.62794747349989
93,92,0.1178300668,0.00037494662,Flushing,92,Queens,-73.82741565411524,40.76434818299985
94,93,0.1709980276,0.00059427818,Flushing Meadows-Corona Park,93,Queens,-73.8391781609999,40.739205576931504
95,94,0.04983260831,6.258194e-05,Fordham South,94,Bronx,-73.89836006749992,40.85833167899992
96,95,0.11362960548,0.00057277034,Forest Hills,95,Queens,-73.8459172519998,40.72270292049992
97,96,0.18518024809,0.00054756625,Forest Park/Highland Park,96,Queens,-73.86938352499988,40.69577993899989
98,97,0.06247601474,0.00016330397,Fort Greene,97,Brooklyn,-73.9761970479999,40.69012588499987
99,98,0.12166101828,0.00048577302,Fresh Meadows,98,Queens,-73.77660400199986,40.7340612809999
100,99,0.1833714893,0.00121016464,Freshkills Park,99,Staten Island,-74.188371344601,40.579421823499914
101,100,0.02481310903,3.747002e-05,Garment District,100,Manhattan,-73.98879086249991,40.75351008049991
102,101,0.10170983628,0.00045234253,Glen Oaks,101,Queens,-73.7144857899677,40.7435324090614
103,102,0.13690048465,0.00029659547,Glendale,102,Queens,-73.8762752915,40.70266458399989
104,103,0.01430551673,6.33056e-06,Governor's Island/Ellis Island/Liberty Island,103,Manhattan,-74.04514167358582,40.689819412109
104,103,0.01430551673,6.33056e-06,Governor's Island/Ellis Island/Liberty Island,103,Manhattan,-74.04069248006846,40.69867180082058
104,103,0.01430551673,6.33056e-06,Governor's Island/Ellis Island/Liberty Island,103,Manhattan,-74.01918926085249,40.6881351788492
105,104,0.02122083309,1.192053e-05,Governor's Island/Ellis Island/Liberty Island,103,Manhattan,-74.04514167358582,40.689819412109
105,104,0.02122083309,1.192053e-05,Governor's Island/Ellis Island/Liberty Island,103,Manhattan,-74.04069248006846,40.69867180082058
105,104,0.02122083309,1.192053e-05,Governor's Island/Ellis Island/Liberty Island,103,Manhattan,-74.01918926085249,40.6881351788492
106,105,0.07742533983,0.00036863639,Governor's Island/Ellis Island/Liberty Island,103,Manhattan,-74.04514167358582,40.689819412109
106,105,0.07742533983,0.00036863639,Governor's Island/Ellis Island/Liberty Island,103,Manhattan,-74.04069248006846,40.69867180082058
106,105,0.07742533983,0.00036863639,Governor's Island/Ellis Island/Liberty Island,103,Manhattan,-74.01918926085249,40.6881351788492
107,106,0.04921101198,0.00011361683,Gowanus,106,Brooklyn,-73.99018765149987,40.67325790149991
108,107,0.03804136459,7.461122e-05,Gramercy,107,Manhattan,-73.98401569649994,40.73733742599988
109,108,0.11117141227,0.00035286601,Gravesend,108,Brooklyn,-73.98281648625473,40.58891662738279
110,109,0.1782678196,0.00116960076,Great Kills,109,Staten Island,-74.15076723149994,40.549091639415735
111,110,0.10394629291,0.0005257451,Great Kills Park,110,Staten Island,-74.12700560635957,40.543288545441314
112,111,0.05993088007,0.00020868328,Green-Wood Cemetery,111,Brooklyn,-73.9912179504999,40.65189438149992
113,112,0.10726787577,0.00046206867,Greenpoint,112,Brooklyn,-73.94817837037638,40.72879174306715
114,113,0.03274535057,5.796346e-05,Greenwich Village North,113,Manhattan,-73.99496754899997,40.732225179999936
115,114,0.03172703477,4.702077e-05,Greenwich Village South,114,Manhattan,-73.99718279649989,40.72853284299991
116,115,0.11616941396,0.00037316899,Grymes Hill/Clifton,115,Staten Island,-74.08732193799997,40.62012292699987
117,116,0.06811648443,0.00026041534,Hamilton Heights,116,Manhattan,-73.94909801096932,40.82764361199991
118,117,0.16988585799,0.00090429427,Hammels/Arverne,117,Queens,-73.79020834890785,40.59609399003111
119,118,0.24396621769,0.00182693923,Heartland Village/Todt Hill,118,Staten Island,-74.13021274799993,40.585660613999906
120,119,0.08350703557,0.00018577945,Highbridge,119,Bronx,-73.92489468218349,40.8367738747174
121,120,0.08326127022,9.314628e-05,Highbridge Park,120,Manhattan,-73.93120762703974,40.845989014499935
122,149,0.08368058218,0.00027063962,Madison,149,Brooklyn,-73.94642772599988,40.60632914249986
123,150,0.08933149118,0.00033256804,Manhattan Beach,150,Brooklyn,-73.94517721099993,40.58046338042256
124,121,0.09691533734,0.00038456329,Hillcrest/Pomonok,121,Queens,-73.80276245849997,40.72739851499991
125,122,0.06653184394,0.0002265971,Hollis,122,Queens,-73.76119590149993,40.71095828749988
126,123,0.08342113894,0.00029644517,Homecrest,123,Brooklyn,-73.96453577199983,40.59992788599992
127,124,0.12772441006,0.00075483782,Howard Beach,124,Queens,-73.84478163086115,40.65957751733932
128,125,0.04973221218,7.642932e-05,Hudson Sq,125,Manhattan,-74.00867659015563,40.72546842899988
129,126,0.12994872606,0.00070327383,Hunts Point,126,Bronx,-73.88559393720027,40.81391527000517
130,127,0.06001888558,0.00016319565,Inwood,127,Manhattan,-73.9195757623364,40.864458770638116
131,128,0.07020902907,0.00020740598,Inwood Hill Park,128,Manhattan,-73.92187440824199,40.87285330306071
132,129,0.09327272734,0.00047398833,Jackson Heights,129,Queens,-73.88464253049986,40.75917431549987
133,134,0.06958782233,0.00020237518,Kew Gardens,134,Queens,-73.82976224899986,40.70868975249993
134,151,0.0548899411,0.0001288489,Manhattan Valley,151,Manhattan,-73.96822204207639,40.797859116286894
135,130,0.14202832067,0.00046832251,Jamaica,130,Queens,-73.79241185499988,40.703279450999894
136,139,0.09329978845,0.00044666988,Laurelton,139,Queens,-73.74374868249993,40.677865432499914
137,131,0.11654712092,0.00042369615,Jamaica Estates,131,Queens,-73.77298537549986,40.72045217399986
138,132,0.24547851707,0.00203830095,JFK Airport,132,Queens,-73.78962256848521,40.64270355737841
139,133,0.06513486316,0.00015718899,Kensington,133,Brooklyn,-73.97819427599987,40.639400948999885
140,140,0.04758429113,0.00011420391,Lenox Hill East,140,Manhattan,-73.95472774589084,40.765305162962136
141,135,0.12179304566,0.00046791224,Kew Gardens Hills,135,Queens,-73.8208170044999,40.7295279574999
142,136,0.09062871541,0.00014852499,Kingsbridge Heights,136,Bronx,-73.90539442299959,40.865364982999864
143,137,0.04610762427,0.0001164551,Kips Bay,137,Manhattan,-73.97717209350196,40.740335749775284
144,141,0.04151446387,7.665456e-05,Lenox Hill West,141,Manhattan,-73.95963426699993,40.76695150749994
145,142,0.03817589423,7.565379e-05,Lincoln Square East,142,Manhattan,-73.981530168,40.773658667499916
146,152,0.05790947688,0.00014663764,Manhattanville,152,Manhattan,-73.95405467248986,40.81751932147567
147,138,0.10746693351,0.00053679729,LaGuardia Airport,138,Queens,-73.87344023987974,40.774851314127446
148,143,0.05417985388,0.00015109427,Lincoln Square West,143,Manhattan,-73.9884571529746,40.77578524049993
149,144,0.02762016685,4.747897e-05,Little Italy/NoLiTa,144,Manhattan,-73.99724364299989,40.7208317919999
150,145,0.11431384498,0.00034664173,Long Island City/Hunters Point,145,Queens,-73.94962883744297,40.7465819017009
151,146,0.04714052157,0.00010463892,Long Island City/Queens Plaza,146,Queens,-73.93410482599992,40.75439966049992
152,147,0.05876549493,0.00010641817,Longwood,147,Bronx,-73.89865102299996,40.8190645764999
153,148,0.03913050156,6.974899e-05,Lower East Side,148,Manhattan,-73.99066416299985,40.719101661499856
154,153,0.02473723902,3.24685e-05,Marble Hill,153,Manhattan,-73.91122570160039,40.875597697492566
155,154,0.22733157076,0.00178968692,Marine Park/Floyd Bennett Field,154,Brooklyn,-73.90822143191028,40.59313302587802
156,155,0.16980847303,0.00086826102,Marine Park/Mill Basin,155,Brooklyn,-73.91726201423214,40.61779794555026
157,156,0.14447689048,0.00105212174,Mariners Harbor,156,Staten Island,-74.16934388875629,40.62876220423896
158,159,0.06436323321,0.0001712491,Melrose South,159,Bronx,-73.91395997899984,40.8183345234999
159,157,0.13130021778,0.00035437013,Maspeth,157,Queens,-73.90559976837736,40.72402549949996
160,158,0.05480999055,0.00018556825,Meatpacking/West Village West,158,Manhattan,-74.00977439058099,40.73529527461579
161,160,0.14151914297,0.00057123498,Middle Village,160,Queens,-73.8822008279999,40.71856266999991
162,161,0.03580391006,7.191307e-05,Midtown Center,161,Manhattan,-73.97768016050001,40.75803031499993
163,162,0.03526981462,4.78937e-05,Midtown East,162,Manhattan,-73.97247058149988,40.75683997849992
164,163,0.03417686698,4.085678e-05,Midtown North,163,Manhattan,-73.97704129499989,40.76438657849988
165,164,0.03577161199,5.563182e-05,Midtown South,164,Manhattan,-73.98568407899992,40.749083385499915
166,165,0.08860803621,0.00035395932,Midwood,165,Brooklyn,-73.95794227799996,40.62007445249993
167,166,0.06882375429,0.00025527627,Morningside Heights,166,Manhattan,-73.96160445538064,40.80962137687038
168,167,0.09081597373,0.00016752939,Morrisania/Melrose,167,Bronx,-73.90139331649988,40.82798767699991
169,170,0.04576900911,7.431507e-05,Murray Hill,170,Manhattan,-73.97764804049993,40.74772537849988
170,171,0.10735387624,0.00052009954,Murray Hill-Queens,171,Queens,-73.80844514399993,40.7686573144999
171,168,0.11451743416,0.0005470581,Mott Haven/Port Morris,168,Bronx,-73.9146704041826,40.80709775342672
172,169,0.06010465803,0.00014602754,Mount Hope,169,Bronx,-73.90625315449984,40.849225903999894
173,172,0.11847611615,0.0006584025,New Dorp/Midland Beach,172,Staten Island,-74.10492810109592,40.57244281468053
174,173,0.06006396614,0.00017832985,North Corona,173,Queens,-73.86339178649989,40.7516370124999
175,174,0.06781775596,0.00015592866,Norwood,174,Bronx,-73.87873647099987,40.87685491549992
176,178,0.06825287707,0.00017580541,Ocean Parkway South,178,Brooklyn,-73.97035491649984,40.61763614749991
177,175,0.1348976651,0.00050492073,Oakland Gardens,175,Queens,-73.75394971599994,40.74330428899989
178,179,0.07138086444,0.00018389348,Old Astoria,179,Queens,-73.92778014561382,40.77142084690918
179,180,0.08052776715,0.00024768219,Ozone Park,180,Queens,-73.84834881449993,40.67506227649991
180,176,0.1519951907,0.00065778213,Oakwood,176,Staten Island,-74.1221582960032,40.56207458560746
181,177,0.07158054071,0.00019889476,Ocean Hill,177,Brooklyn,-73.91139941699996,40.67715529049989
182,181,0.08953723995,0.00030689029,Park Slope,181,Brooklyn,-73.98281926999994,40.67193495149988
183,182,0.03936063695,9.106442e-05,Parkchester,182,Bronx,-73.85808235749995,40.83773083199992
184,183,0.03982629603,9.519295e-05,Pelham Bay,183,Bronx,-73.83150112949996,40.849546317999895
185,184,0.26081568304,0.00198883363,Pelham Bay Park,184,Bronx,-73.79976234070955,40.86393164263349
186,185,0.08616196816,0.0002285371,Pelham Parkway,185,Bronx,-73.85244987099998,40.85346786199989
187,186,0.02469639022,3.707294e-05,Penn Station/Madison Sq West,186,Manhattan,-73.99243404399994,40.748496368499886
188,187,0.12686843132,0.00042119576,Port Richmond,187,Staten Island,-74.13743422052602,40.62569230420253
189,188,0.09779839684,0.00031300303,Prospect-Lefferts Gardens,188,Brooklyn,-73.94477074249983,40.65734495249989
190,190,0.07432946608,0.00027087367,Prospect Park,190,Brooklyn,-73.97059249049988,40.66064320699987
191,191,0.13093263766,0.0006884606,Queens Village,191,Queens,-73.74201715508471,40.71396095599991
192,209,0.03069531135,3.887034e-05,Seaport,209,Manhattan,-74.00412857927198,40.708475355352554
193,192,0.11196461971,0.00037380802,Queensboro Hill,192,Queens,-73.81520176599994,40.74442868499992
194,193,0.06552995848,0.00014559166,Queensbridge/Ravenswood,193,Queens,-73.94239428004576,40.76179195054662
195,196,0.08324211063,0.00019747133,Rego Park,196,Queens,-73.8656740964999,40.723703407999864
196,210,0.11485198337,0.00045315513,Sheepshead Bay,210,Brooklyn,-73.93920262732865,40.593771838499904
197,194,0.08179383535,0.0002734817,Randalls Island,194,Manhattan,-73.92492725014543,40.791459421382214
198,197,0.10856853223,0.00050468916,Richmond Hill,197,Queens,-73.83005530899993,40.69267955149989
199,211,0.02523450821,3.97292e-05,SoHo,211,Manhattan,-74.00108181249989,40.72371646899991
200,195,0.13130824407,0.00080165195,Red Hook,195,Brooklyn,-74.00928542932331,40.67546267314576
201,203,0.18993781587,0.00061512986,Rosedale,203,Queens,-73.7445592960488,40.659261826217346
202,198,0.13409424276,0.00049980988,Ridgewood,198,Queens,-73.90082572749989,40.704617716999934
203,199,0.07780850052,0.00028874755,Rikers Island,199,Bronx,-73.88180428793487,40.792053575806854
204,200,0.11266173543,0.00074464317,Riverdale/North Riverdale/Fieldston,200,Bronx,-73.908472139443,40.90007877400124
205,208,0.21472100958,0.00202032599,Schuylerville/Edgewater Park,208,Bronx,-73.8161966690266,40.824667529157395
206,201,0.13040411769,0.00061935075,Rockaway Park,201,Queens,-73.84103664949998,40.57741959483935
207,202,0.06992157126,0.0001061754,Roosevelt Island,202,Manhattan,-73.95080978375194,40.76118030360056
208,204,0.10191241831,0.00064138427,Rossville/Woodrow,204,Staten Island,-74.20652965749998,40.5407672819999
209,205,0.14195338833,0.00076621651,Saint Albans,205,Queens,-73.7634295554999,40.691703479999916
210,206,0.21275679339,0.00094439251,Saint George/New Brighton,206,Staten Island,-74.1006466997697,40.6359899883867
211,207,0.02837568315,4.472308e-05,Saint Michaels Cemetery/Woodside,207,Queens,-73.8985326074999,40.763524916999884
212,212,0.06712906534,0.00016127619,Soundview/Bruckner,212,Bronx,-73.87040107549993,40.82828955699988
213,213,0.15995878382,0.00090407791,Soundview/Castle Hill,213,Bronx,-73.86026226949987,40.81671230470968
214,215,0.10355645363,0.00039564702,South Jamaica,215,Queens,-73.7922947889999,40.694193820999885
215,216,0.11679755468,0.00081607665,South Ozone Park,216,Queens,-73.82063046149987,40.67721002549988
216,214,0.13530031425,0.00081197652,South Beach/Dongan Hills,214,Staten Island,-74.08480889610621,40.58661701101048
217,218,0.0837008281,0.00028129374,Springfield Gardens North,218,Queens,-73.77288619349994,40.67346860149992
218,219,0.15512666967,0.00042817634,Springfield Gardens South,219,Queens,-73.77029838599998,40.66028271149989
219,224,0.04402044628,9.84787e-05,Stuy Town/Peter Cooper Village,224,Manhattan,-73.97698123604246,40.73170970499915
220,220,0.10601594327,0.00031303574,Spuyten Duyvil/Kingsbridge,220,Bronx,-73.91075937043254,40.88184231299989
221,225,0.08879920733,0.0003108354,Stuyvesant Heights,225,Brooklyn,-73.93012533599992,40.68871262399989
222,226,0.16895776204,0.00076194415,Sunnyside,226,Queens,-73.92653501382505,40.73524211703051
223,221,0.16621822085,0.00089011157,Stapleton,221,Staten Island,-74.07235480045114,40.62023083199988
224,222,0.0483893528,0.00013026834,Starrett City,222,Brooklyn,-73.88291614149992,40.64671541367663
225,223,0.16602192528,0.0007643607,Steinway,223,Queens,-73.90584402349992,40.7784018458909
226,227,0.08283015708,0.00026831653,Sunset Park East,227,Brooklyn,-74.00294706299992,40.64153459799992
227,228,0.17768517771,0.00099341478,Sunset Park West,228,Brooklyn,-74.00995813949477,40.65359280049992
228,229,0.04252529001,9.470582e-05,Sutton Place/Turtle Bay North,229,Manhattan,-73.96499747655662,40.75657363039551
229,230,0.03102830968,5.609145e-05,Times Sq/Theatre District,230,Manhattan,-73.98419627399991,40.75981693399994
230,231,0.06342011656,0.00016692975,TriBeCa/Civic Center,231,Manhattan,-74.00726426169042,40.718576348499894
231,232,0.06147090853,0.00021604997,Two Bridges/Seward Park,232,Manhattan,-73.98302108862248,40.71529991058123
232,233,0.04803591829,0.00011618809,UN/Turtle Bay South,233,Manhattan,-73.96997990593074,40.749123894014915
233,234,0.0360721995,7.310544e-05,Union Sq,234,Manhattan,-73.99045739599995,40.740236713999906
234,235,0.07616684265,0.00021284455,University Heights/Morris Heights,235,Bronx,-73.9163829039341,40.85370968599988
235,236,0.04425192231,0.00010286435,Upper East Side North,236,Manhattan,-73.95700953199992,40.78043963049991
236,237,0.04221260034,9.598732e-05,Upper East Side South,237,Manhattan,-73.96563511049996,40.76861400849991
237,238,0.0601093114,0.00018476369,Upper West Side North,238,Manhattan,-73.97303122261616,40.79178324542306
238,239,0.0636261153,0.00020471544,Upper West Side South,239,Manhattan,-73.97873159717165,40.78402456323369
239,240,0.14606976438,0.00072213092,Van Cortlandt Park,240,Bronx,-73.88054258199983,40.89477328696154
240,241,0.06876457776,0.00025467698,Van Cortlandt Village,241,Bronx,-73.89587824299987,40.87601205349995
241,242,0.13813644643,0.00036007245,Van Nest/Morris Park,242,Bronx,-73.8510353014999,40.849633430499914
242,245,0.09598305966,0.00046617541,West Brighton,245,Staten Island,-74.10069559899995,40.628387064999906
243,243,0.09433149994,0.00043837734,Washington Heights North,243,Manhattan,-73.9357980222621,40.85863655093577
244,253,0.03605149982,7.833958e-05,Willets Point,253,Queens,-73.84175020507487,40.76039128611461
245,244,0.08056860446,0.00035970275,Washington Heights South,244,Manhattan,-73.9407743822414,40.8411944354999
246,257,0.05866902598,0.00013890947,Windsor Terrace,257,Brooklyn,-73.97963624499985,40.653477355499916
247,246,0.06946719374,0.00028129833,West Chelsea/Hudson Yards,246,Manhattan,-74.0038113169179,40.75241161267808
248,258,0.08901337877,0.00036620962,Woodhaven,258,Queens,-73.85494030049989,40.689977295999924
249,247,0.09296785823,0.00020561716,West Concourse,247,Bronx,-73.92250501292031,40.82918287949994
250,248,0.05691911677,0.00014959277,West Farms/Bronx River,248,Bronx,-73.87330604599998,40.834681044499945
251,249,0.03638434365,7.22156e-05,West Village,249,Manhattan,-74.00196507349993,40.734610604999915
252,263,0.0370166253,6.576977e-05,Yorkville West,263,Manhattan,-73.95100837249984,40.778766265999934
253,250,0.07962634655,0.00024097585,Westchester Village/Unionport,250,Bronx,-73.84985149349994,40.83261283899986
254,251,0.1377111611,0.00062575498,Westerleigh,251,Staten Island,-74.12365656199992,40.619568782999906
255,252,0.15800437356,0.00102526406,Whitestone,252,Queens,-73.81569915799989,40.78831078990949
256,254,0.08588637549,0.00036004022,Williamsbridge/Olinville,254,Bronx,-73.85823380549994,40.88331035549993
257,255,0.06238419977,0.00017230918,Williamsburg (North Side),255,Brooklyn,-73.95728866733344,40.7187929634527
258,256,0.06791496696,0.0001686111,Williamsburg (South Side),256,Brooklyn,-73.95933243361253,40.71097846301373
259,259,0.12675030519,0.00039455249,Woodlawn/Wakefield,259,Bronx,-73.85633414049991,40.899060743550635
260,260,0.13351415464,0.00042234533,Woodside,260,Queens,-73.90685097249985,40.74660325849992
261,261,0.02712045636,3.434232e-05,World Trade Center,261,Manhattan,-74.01264349249996,40.70911981499988
262,262,0.04906362315,0.00012233027,Yorkville East,262,Manhattan,-73.94514204811306,40.7766813630047
